subplot,uniqueID,quadrat,veg_plot,species,tag,pink #,other #,DBH_mm,date,DOY,initial,increment,notes
A01E,A01E2,NE,2,ACPE,2784,1,,10.93,2019-05-24,144,MG,,
A01E,A01E2,NE,2,ACPE,2784,1,,10.66,2019-06-05,156,MG,-0.27,
A01E,A01E2,NE,2,ACPE,2784,1,,10.77,2019-06-21,172,MG,0.11,
A01E,A01E2,NE,2,ACPE,2784,1,,11.44,2019-07-05,186,MG,,
A01E,A01E2,NE,2,ACPE,2784,1,,11.65,2019-07-19,200,MG,,
A01E,A01E2,NE,2,ACPE,2784,1,,12.09,2019-08-03,215,MG,,
A01E,A01E2,NE,2,ACPE,4021,2,,11.3,2019-05-29,149,MG,,
A01E,A01E2,NE,2,ACPE,4021,2,,11.02,2019-06-05,156,MG,-0.28,
A01E,A01E2,NE,2,ACPE,4021,2,,11.36,2019-06-21,172,MG,0.34,
A01E,A01E2,NE,2,ACPE,4021,2,,11.84,2019-07-05,186,MG,,
A01E,A01E2,NE,2,ACPE,4021,2,,12.43,2019-07-19,200,MG,,
A01E,A01E2,NE,2,ACPE,4021,2,,12.44,2019-08-03,215,MG,,
A01E,A01E4,SE,4,FAGR,4023,3,,64.91,2019-05-24,144,MG,,
A01E,A01E4,SE,4,FAGR,4023,3,,64.21,2019-06-05,156,MG,-0.7,
A01E,A01E4,SE,4,FAGR,4023,3,,64.06,2019-06-21,172,MG,-0.15,
A01E,A01E4,SE,4,FAGR,4023,3,,64.29,2019-07-05,186,MG,,
A01E,A01E4,SE,4,FAGR,4023,3,,64.14,2019-07-19,200,MG,,
A01E,A01E4,SE,4,FAGR,4023,3,,64.27,2019-08-03,215,MG,,
A01E,A01E4,SE,4,FAGR,4024,4,,59.07,2019-05-24,144,MG,,
A01E,A01E4,SE,4,FAGR,4024,4,,57.76,2019-06-05,156,MG,-1.31,
A01E,A01E4,SE,4,FAGR,4024,4,,58.32,2019-06-21,172,MG,0.56,
A01E,A01E4,SE,4,FAGR,4024,4,,59.44,2019-07-05,186,MG,,
A01E,A01E4,SE,4,FAGR,4024,4,,59.77,2019-07-19,200,MG,,
A01E,A01E4,SE,4,FAGR,4024,4,,59.88,2019-08-03,215,MG,,
A01E,A01E6,SW,6,ACPE,2835,5,,14.84,2019-05-24,144,MG,,
A01E,A01E6,SW,6,ACPE,2835,5,,15.11,2019-06-05,156,MG,0.27,
A01E,A01E6,SW,6,ACPE,2835,5,,14.94,2019-06-21,172,MG,-0.17,
A01E,A01E6,SW,6,ACPE,2835,5,,15.13,2019-07-05,186,MG,,
A01E,A01E6,SW,6,ACPE,2835,5,,15.68,2019-07-19,200,MG,,
A01E,A01E6,SW,6,ACPE,2835,5,,16.12,2019-08-03,215,MG,,
A01E,A01E6,SW,6,ACPE,2839,6,,11.31,2019-05-24,144,MG,,
A01E,A01E6,SW,6,ACPE,2839,6,,10.58,2019-06-05,156,MG,-0.73,
A01E,A01E6,SW,6,ACPE,2839,6,,10.38,2019-06-21,172,MG,-0.2,
A01E,A01E6,SW,6,ACPE,2839,6,,10.84,2019-07-05,186,MG,,
A01E,A01E6,SW,6,ACPE,2839,6,,11.08,2019-07-19,200,MG,,
A01E,A01E6,SW,6,ACPE,2839,6,,11.22,2019-08-03,215,MG,,
A01E,A01E6,SW,6,ACPE,2836,7,,14.29,2019-05-24,144,MG,,
A01E,A01E6,SW,6,ACPE,2836,7,,14.19,2019-06-05,156,MG,-0.1,
A01E,A01E6,SW,6,ACPE,2836,7,,14.3,2019-06-21,172,MG,0.11,
A01E,A01E6,SW,6,ACPE,2836,7,,14.68,2019-07-05,186,MG,,
A01E,A01E6,SW,6,ACPE,2836,7,,14.97,2019-07-19,200,MG,,
A01E,A01E6,SW,6,ACPE,2836,7,,15.03,2019-08-03,215,MG,,
A01E,A01E6,SW,6,ACPE,2838,8,,28.51,2019-05-24,144,MG,,
A01E,A01E6,SW,6,ACPE,2838,8,,28.27,2019-06-05,156,MG,-0.24,
A01E,A01E6,SW,6,ACPE,2838,8,,28.88,2019-06-21,172,MG,0.61,
A01E,A01E6,SW,6,ACPE,2838,8,,29.63,2019-07-05,186,MG,,
A01E,A01E6,SW,6,ACPE,2838,8,,30.02,2019-07-19,200,MG,,
A01E,A01E6,SW,6,ACPE,2838,8,,30.54,2019-08-03,215,MG,,
A01E,A01E6,SW,6,ACPE,2837,9,,25.42,2019-05-24,144,MG,,
A01E,A01E6,SW,6,ACPE,2837,9,,25.44,2019-06-05,156,MG,0.02,
A01E,A01E6,SW,6,ACPE,2837,9,,25.87,2019-06-21,172,MG,0.43,
A01E,A01E6,SW,6,ACPE,2837,9,,26.33,2019-07-05,186,MG,,
A01E,A01E6,SW,6,ACPE,2837,9,,27.36,2019-07-19,200,MG,,
A01E,A01E6,SW,6,ACPE,2837,9,,27.95,2019-08-03,215,MG,,
A01E,A01E8,NW,8,ACPE,4028,10,,60.89,2019-05-29,149,MG,,
A01E,A01E8,NW,8,ACPE,4028,10,,60.45,2019-06-05,156,MG,-0.44,
A01E,A01E8,NW,8,ACPE,4028,10,,61.32,2019-06-21,172,MG,0.87,
A01E,A01E8,NW,8,ACPE,4028,10,,61.6,2019-07-05,186,MG,,
A01E,A01E8,NW,8,ACPE,4028,10,,62.56,2019-07-19,200,MG,,
A01E,A01E8,NW,8,ACPE,4028,10,,63.28,2019-08-03,215,MG,,
A01E,A01E8,NW,8,ACPE,4029,11,,11.48,2019-05-29,149,MG,,
A01E,A01E8,NW,8,ACPE,4029,11,,11.51,2019-06-05,156,MG,0.03,
A01E,A01E8,NW,8,ACPE,4029,11,,11.83,2019-06-21,172,MG,0.32,
A01E,A01E8,NW,8,ACPE,4029,11,,12.28,2019-07-05,186,MG,,
A01E,A01E8,NW,8,ACPE,4029,11,,12.68,2019-07-19,200,MG,,
A01E,A01E8,NW,8,ACPE,4029,11,,12.99,2019-08-03,215,MG,,
A01W,A01W2,NE,2,FAGR,2881,3,,12.56,2019-05-29,149,MG,,
A01W,A01W2,NE,2,FAGR,2881,3,,12.46,2019-06-05,156,MG,-0.1,
A01W,A01W2,NE,2,FAGR,2881,3,,12.8,2019-06-21,172,MG,0.34,
A01W,A01W2,NE,2,FAGR,2881,3,,12.94,2019-07-05,186,MG,,
A01W,A01W2,NE,2,FAGR,2881,3,,13.46,2019-07-19,200,MG,,
A01W,A01W2,NE,2,FAGR,2881,3,,13.67,2019-08-03,215,MG,,
A01W,A01W2,NE,2,FAGR,2880,5,,17.85,2019-05-24,144,MG,,
A01W,A01W2,NE,2,FAGR,2880,5,,17.96,2019-06-05,156,MG,0.11,
A01W,A01W2,NE,2,FAGR,2880,5,,18.39,2019-06-21,172,MG,0.43,
A01W,A01W2,NE,2,FAGR,2880,5,,18.69,2019-07-05,186,MG,,
A01W,A01W2,NE,2,FAGR,2880,5,,18.91,2019-07-19,200,MG,,
A01W,A01W2,NE,2,FAGR,2880,5,,19.36,2019-08-03,215,MG,,
A01W,A01W4,SE,4,ACSA,4031,6,,73.37,2019-05-29,149,MG,,
A01W,A01W4,SE,4,ACSA,4031,6,,73.18,2019-06-05,156,MG,-0.19,
A01W,A01W4,SE,4,ACSA,4031,6,,73.36,2019-06-21,172,MG,0.18,
A01W,A01W4,SE,4,ACSA,4031,6,,73.25,2019-07-05,186,MG,,
A01W,A01W4,SE,4,ACSA,4031,6,,73.27,2019-07-19,200,MG,,
A01W,A01W4,SE,4,ACSA,4031,6,,73.35,2019-08-03,215,MG,,
A01W,A01W4,SE,4,FAGR,2907,7,,14.42,2019-05-24,144,MG,,
A01W,A01W4,SE,4,FAGR,2907,7,,14.44,2019-06-05,156,MG,0.02,
A01W,A01W4,SE,4,FAGR,2907,7,,14.9,2019-06-21,172,MG,0.46,
A01W,A01W4,SE,4,FAGR,2907,7,,15.12,2019-07-05,186,MG,,
A01W,A01W4,SE,4,FAGR,2907,7,,15.67,2019-07-19,200,MG,,
A01W,A01W4,SE,4,FAGR,2907,7,,16.29,2019-08-03,215,MG,,
A01W,A01W6,SW,6,FAGR,2934,9,,37.48,2019-05-24,144,MG,,
A01W,A01W6,SW,6,FAGR,2934,9,,37.8,2019-06-05,156,MG,0.32,
A01W,A01W6,SW,6,FAGR,2934,9,,38.24,2019-06-21,172,MG,0.44,
A01W,A01W6,SW,6,FAGR,2934,9,,38.25,2019-07-05,186,MG,,
A01W,A01W6,SW,6,FAGR,2934,9,,38.58,2019-07-19,200,MG,,
A01W,A01W6,SW,6,FAGR,2934,9,,38.77,2019-08-03,215,MG,,
A01W,A01W6,SW,6,ACPE,4034,10,,33.35,2019-05-24,144,MG,,
A01W,A01W6,SW,6,ACPE,4034,10,,32.28,2019-06-05,156,MG,-1.07,
A01W,A01W6,SW,6,ACPE,4034,10,,32.73,2019-06-21,172,MG,0.45,
A01W,A01W6,SW,6,ACPE,4034,10,,32.27,2019-07-05,186,MG,,
A01W,A01W6,SW,6,ACPE,4034,10,,32.96,2019-07-19,200,MG,,
A01W,A01W6,SW,6,ACPE,4034,10,,33.44,2019-08-03,215,MG,,
A01W,A01W8,NW,8,ACPE,4038,11,,12.4,2019-05-29,149,MG,,
A01W,A01W8,NW,8,ACPE,4038,11,,12.21,2019-06-05,156,MG,-0.19,
A01W,A01W8,NW,8,ACPE,4038,11,,12.6,2019-06-21,172,MG,0.39,
A01W,A01W8,NW,8,ACPE,4038,11,,12.95,2019-07-05,186,MG,,
A01W,A01W8,NW,8,ACPE,4038,11,,13.32,2019-07-19,200,MG,,
A01W,A01W8,NW,8,ACPE,4038,11,,13.97,2019-08-03,215,MG,,
A01W,A01W8,NW,8,ACPE,4039,12,,17.48,2019-05-29,149,MG,,
A01W,A01W8,NW,8,ACPE,4039,12,,17.51,2019-06-05,156,MG,0.03,
A01W,A01W8,NW,8,ACPE,4039,12,,18.03,2019-06-21,172,MG,0.52,
A01W,A01W8,NW,8,ACPE,4039,12,,18.46,2019-07-05,186,MG,,
A01W,A01W8,NW,8,ACPE,4039,12,,19.21,2019-07-19,200,MG,,
A01W,A01W8,NW,8,ACPE,4039,12,,14.55,2019-08-03,215,MG,,
A02E,A02E2,NE,2,ACPE,3092,1,,31.65,2019-05-24,144,MG,,
A02E,A02E2,NE,2,ACPE,3092,1,,31.9,2019-06-05,156,MG,0.25,
A02E,A02E2,NE,2,ACPE,3092,1,,32.12,2019-06-21,172,MG,0.22,
A02E,A02E2,NE,2,ACPE,3092,1,,33.88,2019-07-05,186,MG,,
A02E,A02E2,NE,2,ACPE,3092,1,,33.77,2019-07-19,200,MG,,
A02E,A02E2,NE,2,ACPE,3092,1,,34.56,2019-08-03,215,MG,,
A02E,A02E2,NE,2,FAGR,3089,2,,11.39,2019-05-24,144,MG,,
A02E,A02E2,NE,2,FAGR,3089,2,,11.35,2019-06-05,156,MG,-0.04,
A02E,A02E2,NE,2,FAGR,3089,2,,11.45,2019-06-21,172,MG,0.1,
A02E,A02E2,NE,2,FAGR,3089,2,,11.27,2019-07-05,186,MG,,
A02E,A02E2,NE,2,FAGR,3089,2,,11.78,2019-07-19,200,MG,,
A02E,A02E2,NE,2,FAGR,3089,2,,11.86,2019-08-03,215,MG,,
A02E,A02E2,NE,2,FAGR,3090,3,,16.57,2019-05-24,144,MG,,
A02E,A02E2,NE,2,FAGR,3090,3,,16.24,2019-06-05,156,MG,-0.33,
A02E,A02E2,NE,2,FAGR,3090,3,,16.8,2019-06-21,172,MG,0.56,
A02E,A02E2,NE,2,FAGR,3090,3,,16.82,2019-07-05,186,MG,,
A02E,A02E2,NE,2,FAGR,3090,3,,17.21,2019-07-19,200,MG,,
A02E,A02E2,NE,2,FAGR,3090,3,,17.3,2019-08-03,215,MG,,
A02E,A02E2,NE,2,FAGR,3091,4,,18.26,2019-05-24,144,MG,,
A02E,A02E2,NE,2,FAGR,3091,4,,18.19,2019-06-05,156,MG,-0.07,
A02E,A02E2,NE,2,FAGR,3091,4,,18.65,2019-06-21,172,MG,0.46,
A02E,A02E2,NE,2,FAGR,3091,4,,19,2019-07-05,186,MG,,
A02E,A02E2,NE,2,FAGR,3091,4,,19.35,2019-07-19,200,MG,,
A02E,A02E2,NE,2,FAGR,3091,4,,19.79,2019-08-03,215,MG,,
A02E,A02E2,NE,2,FAGR,3245,5,,19.16,2019-05-24,144,MG,,
A02E,A02E2,NE,2,FAGR,3245,5,,17.78,2019-06-05,156,MG,-1.38,
A02E,A02E2,NE,2,FAGR,3245,5,,18.29,2019-06-21,172,MG,0.51,
A02E,A02E2,NE,2,FAGR,3245,5,,19.22,2019-07-05,186,MG,,
A02E,A02E2,NE,2,FAGR,3245,5,,19.6,2019-07-19,200,MG,,
A02E,A02E2,NE,2,FAGR,3245,5,,19.67,2019-08-03,215,MG,,
A02E,A02E4,SE,4,FAGR,3247,6,,13.78,2019-05-24,144,MG,,
A02E,A02E4,SE,4,FAGR,3247,6,,14.39,2019-06-05,156,MG,0.61,
A02E,A02E4,SE,4,FAGR,3247,6,,14.74,2019-06-21,172,MG,0.35,
A02E,A02E4,SE,4,FAGR,3247,6,,14.92,2019-07-05,186,MG,,
A02E,A02E4,SE,4,FAGR,3247,6,,15.27,2019-07-19,200,MG,,
A02E,A02E4,SE,4,FAGR,3247,6,,15.74,2019-08-03,215,MG,,
A02E,A02E4,SE,4,ACSA,3246,7,,36.4,2019-05-24,144,MG,,
A02E,A02E4,SE,4,ACSA,3246,7,,36.42,2019-06-05,156,MG,0.02,
A02E,A02E4,SE,4,ACSA,3246,7,,37.8,2019-06-21,172,MG,1.38,
A02E,A02E4,SE,4,ACSA,3246,7,,36.95,2019-07-05,186,MG,,
A02E,A02E4,SE,4,ACSA,3246,7,,38.98,2019-07-19,200,MG,,
A02E,A02E4,SE,4,ACSA,3246,7,,37.76,2019-08-03,215,MG,,
A02E,A02E6,SW,6,ACPE,3165,8,,10.83,2019-05-24,144,MG,,
A02E,A02E6,SW,6,ACPE,3165,8,,10.95,2019-06-05,156,MG,0.12,
A02E,A02E6,SW,6,ACPE,3165,8,,11.34,2019-06-21,172,MG,0.39,
A02E,A02E6,SW,6,ACPE,3165,8,,11.64,2019-07-05,186,MG,,
A02E,A02E6,SW,6,ACPE,3165,8,,11.92,2019-07-19,200,MG,,
A02E,A02E6,SW,6,ACPE,3165,8,,12.2,2019-08-03,215,MG,,
A02E,A02E6,SW,6,FAGR,3251,9,,18.95,2019-05-29,149,MG,,
A02E,A02E6,SW,6,FAGR,3251,9,,19.36,2019-06-05,156,MG,0.41,
A02E,A02E6,SW,6,FAGR,3251,9,,19.04,2019-06-21,172,MG,-0.32,
A02E,A02E6,SW,6,FAGR,3251,9,,19.48,2019-07-05,186,MG,,
A02E,A02E6,SW,6,FAGR,3251,9,,19.65,2019-07-19,200,MG,,
A02E,A02E6,SW,6,FAGR,3251,9,,19.8,2019-08-03,215,MG,,
A02E,A02E8,NW,8,ACSA,3255,11,,57.55,2019-05-29,149,MG,,
A02E,A02E8,NW,8,ACSA,3255,11,,57.32,2019-06-05,156,MG,-0.23,
A02E,A02E8,NW,8,ACSA,3255,11,,59.61,2019-06-21,172,MG,2.29,
A02E,A02E8,NW,8,ACSA,3255,11,,60.67,2019-07-05,186,MG,,
A02E,A02E8,NW,8,ACSA,3255,11,,61.03,2019-07-19,200,MG,,
A02E,A02E8,NW,8,ACSA,3255,11,,61.77,2019-08-03,215,MG,,
A02E,A02E8,NW,8,ACPE,3256,12,,11.65,2019-05-24,144,MG,,
A02E,A02E8,NW,8,ACPE,3256,12,,12.03,2019-06-05,156,MG,0.38,
A02E,A02E8,NW,8,ACPE,3256,12,,12.04,2019-06-21,172,MG,0.01,
A02E,A02E8,NW,8,ACPE,3256,12,,12.51,2019-07-05,186,MG,,
A02E,A02E8,NW,8,ACPE,3256,12,,12.71,2019-07-19,200,MG,,
A02E,A02E8,NW,8,ACPE,3256,12,,12.69,2019-08-03,215,MG,,
A02W,A02W2,NE,2,ACPE,3000,2,,12.31,2019-05-24,144,MG,,
A02W,A02W2,NE,2,ACPE,3000,2,,12.28,2019-06-05,156,MG,-0.03,
A02W,A02W2,NE,2,ACPE,3000,2,,12.33,2019-06-21,172,MG,0.05,
A02W,A02W2,NE,2,ACPE,3000,2,,12.57,2019-07-05,186,MG,,
A02W,A02W2,NE,2,ACPE,3000,2,,12.84,2019-07-19,200,MG,,
A02W,A02W2,NE,2,ACPE,3000,2,,12.91,2019-08-03,215,MG,,
A02W,A02W2,NE,2,ACPE,3001,3,,16.36,2019-05-24,144,MG,,
A02W,A02W2,NE,2,ACPE,3001,3,,16.21,2019-06-05,156,MG,-0.15,
A02W,A02W2,NE,2,ACPE,3001,3,,16.58,2019-06-21,172,MG,0.37,
A02W,A02W2,NE,2,ACPE,3001,3,,17.04,2019-07-05,186,MG,,
A02W,A02W2,NE,2,ACPE,3001,3,,17.52,2019-07-19,200,MG,,
A02W,A02W2,NE,2,ACPE,3001,3,,17.81,2019-08-03,215,MG,,
A02W,A02W4,SE,4,ACPE,4044,6,,33.4,2019-05-29,149,MG,,
A02W,A02W4,SE,4,ACPE,4044,6,,33.32,2019-06-05,156,MG,-0.08,
A02W,A02W4,SE,4,ACPE,4045,6,,33.9,2019-06-21,172,MG,0.58,WAS FAGR
A02W,A02W4,SE,4,ACPE,4045,6,,34.74,2019-07-05,186,MG,,
A02W,A02W4,SE,4,ACPE,4045,6,,35.06,2019-07-19,200,MG,,
A02W,A02W4,SE,4,ACPE,4045,6,,35.62,2019-08-03,215,MG,,
A02W,A02W4,SE,4,FAGR,4045,7,,10.37,2019-05-29,149,MG,,
A02W,A02W4,SE,4,FAGR,4045,7,,10.19,2019-06-05,156,MG,-0.18,
A02W,A02W4,SE,4,FAGR,4044,7,,10.39,2019-06-21,172,MG,0.2,WAS ACPE
A02W,A02W4,SE,4,FAGR,4044,7,,11.02,2019-07-05,186,MG,,
A02W,A02W4,SE,4,FAGR,4044,7,,11.19,2019-07-19,200,MG,,
A02W,A02W4,SE,4,FAGR,4044,7,,11.49,2019-08-03,215,MG,,
A02W,A02W6,SW,6,FAGR,4048,8,,29.62,2019-05-24,144,MG,,
A02W,A02W6,SW,6,FAGR,4048,8,,29.22,2019-06-05,156,MG,-0.4,
A02W,A02W6,SW,6,FAGR,4048,8,,29.78,2019-06-21,172,MG,0.56,
A02W,A02W6,SW,6,FAGR,4048,8,,30.29,2019-07-05,186,MG,,
A02W,A02W6,SW,6,FAGR,4048,8,,30.9,2019-07-19,200,MG,,
A02W,A02W6,SW,6,FAGR,4048,8,,31.95,2019-08-03,215,MG,,
A02W,A02W6,SW,6,ACSA,4049,9,,46.35,2019-05-24,144,MG,,
A02W,A02W6,SW,6,ACSA,4049,9,,45.63,2019-06-05,156,MG,-0.72,
A02W,A02W6,SW,6,ACSA,4049,9,,45.55,2019-06-21,172,MG,-0.08,
A02W,A02W6,SW,6,ACSA,4049,9,,45.46,2019-07-05,186,MG,,
A02W,A02W6,SW,6,ACSA,4049,9,,45.49,2019-07-19,200,MG,,
A02W,A02W6,SW,6,ACSA,4049,9,,45.6,2019-08-03,215,MG,,
A02W,A02W8,NW,8,ACSA,4053,10,,63.13,2019-05-29,149,MG,,
A02W,A02W8,NW,8,ACSA,4053,10,,63.07,2019-06-05,156,MG,-0.06,
A02W,A02W8,NW,8,ACSA,4053,10,,63.21,2019-06-21,172,MG,0.14,
A02W,A02W8,NW,8,ACSA,4053,10,,63.2,2019-07-05,186,MG,,
A02W,A02W8,NW,8,ACSA,4053,10,,63.39,2019-07-19,200,MG,,
A02W,A02W8,NW,8,ACSA,4053,10,,63.46,2019-08-03,215,MG,,
A02W,A02W8,NW,8,ACPE,4054,11,,23.86,2019-05-29,149,MG,,
A02W,A02W8,NW,8,ACPE,4054,11,,23.98,2019-06-05,156,MG,0.12,
A02W,A02W8,NW,8,ACPE,4054,11,,24.3,2019-06-21,172,MG,0.32,
A02W,A02W8,NW,8,ACPE,4054,11,,25.03,2019-07-05,186,MG,,
A02W,A02W8,NW,8,ACPE,4054,11,,26.3,2019-07-19,200,MG,,
A02W,A02W8,NW,8,ACPE,4054,11,,26.86,2019-08-03,215,MG,,
A03E,A03E2,NE,2,ACSA,3998,1,,41.14,2019-05-24,144,MG,,
A03E,A03E2,NE,2,ACSA,3998,1,,41.22,2019-06-05,156,MG,0.08,
A03E,A03E2,NE,2,ACSA,3998,1,,41.72,2019-06-21,172,MG,0.5,
A03E,A03E2,NE,2,ACSA,3998,1,,41.13,2019-07-05,186,MG,,
A03E,A03E2,NE,2,ACSA,3998,1,,41.53,2019-07-19,200,MG,,
A03E,A03E2,NE,2,ACSA,3998,1,,41.81,2019-08-03,215,MG,,
A03E,A03E2,NE,2,ACSA,3995,2,,53.33,2019-05-24,144,MG,,
A03E,A03E2,NE,2,ACSA,3995,2,,53.52,2019-06-05,156,MG,0.19,
A03E,A03E2,NE,2,ACSA,3995,2,,53.26,2019-06-21,172,MG,-0.26,
A03E,A03E2,NE,2,ACSA,3995,2,,53.37,2019-07-05,186,MG,,
A03E,A03E2,NE,2,ACSA,3995,2,,53.73,2019-07-19,200,MG,,
A03E,A03E2,NE,2,ACSA,3995,2,,53.85,2019-08-03,215,MG,,
A03E,A03E4,SE,4,FAGR,4000,3,,10.2,2019-05-24,144,MG,,
A03E,A03E4,SE,4,FAGR,4000,3,,10.35,2019-06-05,156,MG,0.15,
A03E,A03E4,SE,4,FAGR,4000,3,,10.5,2019-06-21,172,MG,0.15,
A03E,A03E4,SE,4,FAGR,4000,3,,11.06,2019-07-05,186,MG,,
A03E,A03E4,SE,4,FAGR,4000,3,,11.32,2019-07-19,200,MG,,
A03E,A03E4,SE,4,FAGR,4000,3,,11.72,2019-08-03,215,MG,,
A03E,A03E4,SE,4,FAGR,4001,4,,11.69,2019-05-29,149,MG,,
A03E,A03E4,SE,4,FAGR,4001,4,,12,2019-06-05,156,MG,0.31,
A03E,A03E4,SE,4,FAGR,4001,4,,11.94,2019-06-21,172,MG,-0.06,
A03E,A03E4,SE,4,FAGR,4001,4,,12.5,2019-07-05,186,MG,,
A03E,A03E4,SE,4,FAGR,4001,4,,13.32,2019-07-19,200,MG,,
A03E,A03E4,SE,4,FAGR,4001,4,,13.44,2019-08-03,215,MG,,
A03E,A03E6,SW,6,ACPE,4002,5,,14.73,2019-05-24,144,MG,,
A03E,A03E6,SW,6,ACPE,4002,5,,14.65,2019-06-05,156,MG,-0.08,
A03E,A03E6,SW,6,ACPE,4002,5,,15.2,2019-06-21,172,MG,0.55,
A03E,A03E6,SW,6,ACPE,4002,5,,15.65,2019-07-05,186,MG,,
A03E,A03E6,SW,6,ACPE,4002,5,,16.24,2019-07-19,200,MG,,
A03E,A03E6,SW,6,ACPE,4002,5,,16.55,2019-08-03,215,MG,,
A03E,A03E6,SW,6,FAGR,4005,6,,19.24,2019-05-29,149,MG,,
A03E,A03E6,SW,6,FAGR,4005,6,,18.81,2019-06-05,156,MG,-0.43,
A03E,A03E6,SW,6,FAGR,4005,6,,19.05,2019-06-21,172,MG,0.24,
A03E,A03E6,SW,6,FAGR,4005,6,,19.66,2019-07-05,186,MG,,
A03E,A03E6,SW,6,FAGR,4005,6,,20.53,2019-07-19,200,MG,,
A03E,A03E6,SW,6,FAGR,4005,6,,20.68,2019-08-03,215,MG,,
A03E,A03E8,NW,8,FAGR,2552,7,,16.84,2019-05-24,144,MG,,
A03E,A03E8,NW,8,FAGR,2552,7,,16.92,2019-06-05,156,MG,0.08,
A03E,A03E8,NW,8,FAGR,2552,7,,17.52,2019-06-21,172,MG,0.6,
A03E,A03E8,NW,8,FAGR,2552,7,,18.08,2019-07-05,186,MG,,
A03E,A03E8,NW,8,FAGR,2552,7,,18.57,2019-07-19,200,MG,,
A03E,A03E8,NW,8,FAGR,2552,7,,18.55,2019-08-03,215,MG,,
A03E,A03E8,NW,8,FAGR,2554,8,,23.17,2019-05-24,144,MG,,
A03E,A03E8,NW,8,FAGR,2554,8,,23.26,2019-06-05,156,MG,0.09,
A03E,A03E8,NW,8,FAGR,2554,8,,23.76,2019-06-21,172,MG,0.5,
A03E,A03E8,NW,8,FAGR,2554,8,,24.26,2019-07-05,186,MG,,
A03E,A03E8,NW,8,FAGR,2554,8,,24.6,2019-07-19,200,MG,,
A03E,A03E8,NW,8,FAGR,2554,8,,25.12,2019-08-03,215,MG,,
A03E,A03E8,NW,8,FAGR,2556,9,,13.2,2019-05-24,144,MG,,
A03E,A03E8,NW,8,FAGR,2556,9,,13.66,2019-06-05,156,MG,0.46,
A03E,A03E8,NW,8,FAGR,2553,9,,13.22,2019-06-21,172,MG,-0.44,WAS 2556
A03E,A03E8,NW,8,FAGR,2553,9,,14.11,2019-07-05,186,MG,,
A03E,A03E8,NW,8,FAGR,2553,9,,14.57,2019-07-19,200,MG,,
A03E,A03E8,NW,8,FAGR,2553,9,,14.5,2019-08-03,215,MG,,
A03W,A03W2,NE,2,FAGR,2362,1,,33.45,2019-05-29,149,MG,,
A03W,A03W2,NE,2,FAGR,2362,1,,32.49,2019-06-05,156,MG,-0.96,
A03W,A03W2,NE,2,FAGR,2362,1,,33.23,2019-06-21,172,MG,0.74,
A03W,A03W2,NE,2,FAGR,2362,1,,33.07,2019-07-05,186,MG,,
A03W,A03W2,NE,2,FAGR,2362,1,,33.31,2019-07-19,200,MG,,
A03W,A03W2,NE,2,FAGR,2362,1,,33.26,2019-08-03,215,MG,,
A03W,A03W2,NE,2,FAGR,4008,2,,68.34,2019-05-29,149,MG,,
A03W,A03W2,NE,2,FAGR,4008,2,,68.83,2019-06-05,156,MG,0.49,
A03W,A03W2,NE,2,FAGR,4008,2,,68.02,2019-06-21,172,MG,-0.81,
A03W,A03W2,NE,2,FAGR,4008,2,,68.52,2019-07-05,186,MG,,
A03W,A03W2,NE,2,FAGR,4008,2,,68.05,2019-07-19,200,MG,,
A03W,A03W2,NE,2,FAGR,4008,2,,67.91,2019-08-03,215,MG,,
A03W,A03W4,SE,4,ACPE,2387,3,,66.46,2019-05-24,144,MG,,
A03W,A03W4,SE,4,ACPE,2387,3,,65.85,2019-06-05,156,MG,-0.61,
A03W,A03W4,SE,4,ACPE,2387,3,,65.59,2019-06-21,172,MG,-0.26,
A03W,A03W4,SE,4,ACPE,2387,3,,66.87,2019-07-05,186,MG,,
A03W,A03W4,SE,4,ACPE,2387,3,,67.53,2019-07-19,200,MG,,
A03W,A03W4,SE,4,ACPE,2387,3,,67.73,2019-08-03,215,MG,,
A03W,A03W4,SE,4,ACPE,2388,4,,14.13,2019-05-24,144,MG,,
A03W,A03W4,SE,4,ACPE,2388,4,,13.04,2019-06-05,156,MG,-1.09,
A03W,A03W4,SE,4,ACPE,2388,4,,13.44,2019-06-21,172,MG,0.4,
A03W,A03W4,SE,4,ACPE,2388,4,,13.67,2019-07-05,186,MG,,
A03W,A03W4,SE,4,ACPE,2388,4,,14.41,2019-07-19,200,MG,,
A03W,A03W4,SE,4,ACPE,2388,4,,14.33,2019-08-03,215,MG,,
A03W,A03W6,SW,6,ACPE,2420,6,,48.12,2019-05-24,144,MG,,
A03W,A03W6,SW,6,ACPE,2420,6,,48.6,2019-06-05,156,MG,0.48,
A03W,A03W6,SW,6,ACPE,2420,6,,48.63,2019-06-21,172,MG,0.03,
A03W,A03W6,SW,6,ACPE,2420,6,,48.35,2019-07-05,186,MG,,
A03W,A03W6,SW,6,ACPE,2420,6,,49.48,2019-07-19,200,MG,,
A03W,A03W6,SW,6,ACPE,2420,6,,49.89,2019-08-03,215,MG,,
A03W,A03W6,SW,6,AMEL,4014,7,,37.84,2019-05-24,144,MG,,
A03W,A03W6,SW,6,AMEL,4014,7,,37.3,2019-06-05,156,MG,-0.54,
A03W,A03W6,SW,6,AMEL,4014,7,,37.4,2019-06-21,172,MG,0.1,
A03W,A03W6,SW,6,AMEL,4014,7,,37.24,2019-07-05,186,MG,,
A03W,A03W6,SW,6,AMEL,4014,7,,37.44,2019-07-19,200,MG,,
A03W,A03W6,SW,6,AMEL,4014,7,,37.76,2019-08-03,215,MG,,
A03W,A03W8,NW,8,ACSA,4018,9,,47.3,2019-05-29,149,MG,,
A03W,A03W8,NW,8,ACSA,4018,9,,46,2019-06-05,156,MG,-1.3,
A03W,A03W8,NW,8,ACSA,4018,9,,47.23,2019-06-21,172,MG,1.23,
A03W,A03W8,NW,8,ACSA,4018,9,,47.57,2019-07-05,186,MG,,
A03W,A03W8,NW,8,ACSA,4018,9,,47.64,2019-07-19,200,MG,,
A03W,A03W8,NW,8,ACSA,4018,9,,47.7,2019-08-03,215,MG,,
A03W,A03W8,NW,8,FAGR,4017,10,,69.66,2019-05-24,144,MG,,
A03W,A03W8,NW,8,FAGR,4017,10,,69.47,2019-06-05,156,MG,-0.19,
A03W,A03W8,NW,8,FAGR,4017,10,,69.89,2019-06-21,172,MG,0.42,
A03W,A03W8,NW,8,FAGR,4017,10,,69.41,2019-07-05,186,MG,,
A03W,A03W8,NW,8,FAGR,4017,10,,70.36,2019-07-19,200,MG,,
A03W,A03W8,NW,8,FAGR,4017,10,,70.2,2019-08-03,215,MG,,
A04E,A04E2,NE,2,ACPE,2684,1,,11.73,2019-05-24,144,MG,,
A04E,A04E2,NE,2,ACPE,2684,1,,12.28,2019-06-05,156,MG,0.55,
A04E,A04E2,NE,2,ACPE,2684,1,,11.82,2019-06-21,172,MG,-0.46,
A04E,A04E2,NE,2,ACPE,2684,1,,12.18,2019-07-05,186,MG,,
A04E,A04E2,NE,2,ACPE,2684,1,,12.88,2019-07-19,200,MG,,
A04E,A04E2,NE,2,ACPE,2684,1,,13.22,2019-08-03,215,MG,,
A04E,A04E2,NE,2,ACPE,4068,2,,10.81,2019-05-29,149,MG,,
A04E,A04E2,NE,2,ACPE,4068,2,,11.01,2019-06-05,156,MG,0.2,
A04E,A04E2,NE,2,ACPE,4068,2,,11.28,2019-06-21,172,MG,0.27,
A04E,A04E2,NE,2,ACPE,4068,2,,11.84,2019-07-05,186,MG,,
A04E,A04E2,NE,2,ACPE,4068,2,,12.1,2019-07-19,200,MG,,
A04E,A04E2,NE,2,ACPE,4068,2,,12.44,2019-08-03,215,MG,,
A04E,A04E4,SE,4,FAGR,4069,7,,53.74,2019-05-24,144,MG,,
A04E,A04E4,SE,4,FAGR,4069,7,,53.44,2019-06-05,156,MG,-0.3,
A04E,A04E4,SE,4,FAGR,4069,7,,53.88,2019-06-21,172,MG,0.44,
A04E,A04E4,SE,4,FAGR,4069,7,,54.67,2019-07-05,186,MG,,
A04E,A04E4,SE,4,FAGR,4069,7,,54.1,2019-07-19,200,MG,,
A04E,A04E4,SE,4,FAGR,4069,7,,54.08,2019-08-03,215,MG,,
A04E,A04E4,SE,4,FAGR,4070,8,,50.92,2019-05-24,144,MG,,
A04E,A04E4,SE,4,FAGR,4070,8,,51.39,2019-06-05,156,MG,0.47,
A04E,A04E4,SE,4,FAGR,4070,8,,52.36,2019-06-21,172,MG,0.97,
A04E,A04E4,SE,4,FAGR,4070,8,,52.37,2019-07-05,186,MG,,
A04E,A04E4,SE,4,FAGR,4070,8,,52.76,2019-07-19,200,MG,,
A04E,A04E4,SE,4,FAGR,4070,8,,52.83,2019-08-03,215,MG,,
A04E,A04E6,SW,6,ACPE,2733,9,,14.07,2019-05-24,144,MG,,
A04E,A04E6,SW,6,ACPE,2733,9,,13.87,2019-06-05,156,MG,-0.2,
A04E,A04E6,SW,6,ACPE,2733,9,,14.12,2019-06-21,172,MG,0.25,
A04E,A04E6,SW,6,ACPE,2733,9,,14.65,2019-07-05,186,MG,,
A04E,A04E6,SW,6,ACPE,2733,9,,15.19,2019-07-19,200,MG,,
A04E,A04E6,SW,6,ACPE,2733,9,,15.32,2019-08-03,215,MG,,
A04E,A04E6,SW,6,ACPE,4072,10,,20.07,2019-05-24,144,MG,,
A04E,A04E6,SW,6,ACPE,4072,10,,20.09,2019-06-05,156,MG,0.02,
A04E,A04E6,SW,6,ACPE,4072,10,,20.53,2019-06-21,172,MG,0.44,
A04E,A04E6,SW,6,ACPE,4072,10,,20.96,2019-07-05,186,MG,,
A04E,A04E6,SW,6,ACPE,4072,10,,21.35,2019-07-19,200,MG,,
A04E,A04E6,SW,6,ACPE,4072,10,,21.66,2019-08-03,215,MG,,
A04E,A04E8,NW,8,ACPE,4073,11,,11.3,2019-05-29,149,MG,,
A04E,A04E8,NW,8,ACPE,4073,11,,11.58,2019-06-05,156,MG,0.28,
A04E,A04E8,NW,8,ACPE,4073,11,,11.69,2019-06-21,172,MG,0.11,
A04E,A04E8,NW,8,ACPE,4073,11,,11.9,2019-07-05,186,MG,,
A04E,A04E8,NW,8,ACPE,4073,11,,12.11,2019-07-19,200,MG,,
A04E,A04E8,NW,8,ACPE,4073,11,,12.19,2019-08-03,215,MG,,
A04E,A04E8,NW,8,ACPE,4075,12,,37.77,2019-05-24,144,MG,,
A04E,A04E8,NW,8,ACPE,4075,12,,37.58,2019-06-05,156,MG,-0.19,
A04E,A04E8,NW,8,ACPE,4075,12,,37.9,2019-06-21,172,MG,0.32,
A04E,A04E8,NW,8,ACPE,4075,12,,38.28,2019-07-05,186,MG,,
A04E,A04E8,NW,8,ACPE,4075,12,,35.6,2019-07-19,200,MG,,
A04E,A04E8,NW,8,ACPE,4075,12,,39.2,2019-08-03,215,MG,,
A04W,A04W2,NE,2,FAGR,4055,1,,65.5,2019-05-24,144,MG,,
A04W,A04W2,NE,2,FAGR,4055,1,,64.57,2019-06-05,156,MG,-0.93,
A04W,A04W2,NE,2,FAGR,4055,1,,64.26,2019-06-21,172,MG,-0.31,
A04W,A04W2,NE,2,FAGR,4055,1,,64.21,2019-07-05,186,MG,,
A04W,A04W2,NE,2,FAGR,4055,1,,63.55,2019-07-19,200,MG,,
A04W,A04W2,NE,2,FAGR,4055,1,,64.41,2019-08-03,215,MG,,
A04W,A04W2,NE,2,FAGR,4057,2,,34.19,2019-05-29,149,MG,,
A04W,A04W2,NE,2,FAGR,4057,2,,33.97,2019-06-05,156,MG,-0.22,
A04W,A04W2,NE,2,FAGR,4057,2,,33.92,2019-06-21,172,MG,-0.05,
A04W,A04W2,NE,2,FAGR,4057,2,,34.72,2019-07-05,186,MG,,
A04W,A04W2,NE,2,FAGR,4057,2,,35.04,2019-07-19,200,MG,,
A04W,A04W2,NE,2,FAGR,4057,2,,35.34,2019-08-03,215,MG,,
A04W,A04W4,SE,4,FAGR,4058,3,,79.47,2019-05-24,144,MG,,
A04W,A04W4,SE,4,FAGR,4058,3,,79.51,2019-06-05,156,MG,0.04,
A04W,A04W4,SE,4,FAGR,4058,3,,79.76,2019-06-21,172,MG,0.25,
A04W,A04W4,SE,4,FAGR,4058,3,,79.75,2019-07-05,186,MG,,
A04W,A04W4,SE,4,FAGR,4058,3,,79.35,2019-07-19,200,MG,,
A04W,A04W4,SE,4,FAGR,4058,3,,79.95,2019-08-03,215,MG,,
A04W,A04W4,SE,4,FAGR,4061,4,,10.62,2019-05-29,149,MG,,
A04W,A04W4,SE,4,FAGR,4061,4,,10.65,2019-06-05,156,MG,0.03,
A04W,A04W4,SE,4,FAGR,4061,4,,10.6,2019-06-21,172,MG,-0.05,
A04W,A04W4,SE,4,FAGR,4061,4,,10.79,2019-07-05,186,MG,,
A04W,A04W4,SE,4,FAGR,4061,4,,10.73,2019-07-19,200,MG,,
A04W,A04W4,SE,4,FAGR,4061,4,,10.79,2019-08-03,215,MG,,
A04W,A04W6,SW,6,FAGR,4062,5,,39.18,2019-05-24,144,MG,,
A04W,A04W6,SW,6,FAGR,4062,5,,38.13,2019-06-05,156,MG,-1.05,
A04W,A04W6,SW,6,FAGR,4062,5,,40.12,2019-06-21,172,MG,1.99,
A04W,A04W6,SW,6,FAGR,4062,5,,40,2019-07-05,186,MG,,
A04W,A04W6,SW,6,FAGR,4062,5,,40.48,2019-07-19,200,MG,,
A04W,A04W6,SW,6,FAGR,4062,5,,40.23,2019-08-03,215,MG,,
A04W,A04W6,SW,6,FAGR,2647,6,,78.15,2019-05-24,144,MG,,
A04W,A04W6,SW,6,FAGR,2647,6,,79.02,2019-06-05,156,MG,0.87,
A04W,A04W6,SW,6,FAGR,2647,6,,75.09,2019-06-21,172,MG,-3.93,
A04W,A04W6,SW,6,FAGR,2647,6,,74.73,2019-07-05,186,MG,,
A04W,A04W6,SW,6,FAGR,2647,6,,73.83,2019-07-19,200,MG,,
A04W,A04W6,SW,6,FAGR,2647,6,,73.95,2019-08-03,215,MG,,
A04W,A04W8,NW,8,FAGR,4064,7,,13.72,2019-05-24,144,MG,,
A04W,A04W8,NW,8,FAGR,4064,7,,13.5,2019-06-05,156,MG,-0.22,
A04W,A04W8,NW,8,FAGR,4064,7,,13.43,2019-06-21,172,MG,-0.07,
A04W,A04W8,NW,8,FAGR,4064,7,,14.35,2019-07-05,186,MG,,
A04W,A04W8,NW,8,FAGR,4064,7,,13.95,2019-07-19,200,MG,,
A04W,A04W8,NW,8,FAGR,4064,7,,14.1,2019-08-03,215,MG,,
A04W,A04W8,NW,8,FAGR,4065,8,,52.64,2019-05-24,144,MG,,
A04W,A04W8,NW,8,FAGR,4065,8,,51.64,2019-06-05,156,MG,-1,
A04W,A04W8,NW,8,FAGR,4065,8,,51.66,2019-06-21,172,MG,0.02,
A04W,A04W8,NW,8,FAGR,4065,8,,51.45,2019-07-05,186,MG,,
A04W,A04W8,NW,8,FAGR,4065,8,,51.59,2019-07-19,200,MG,,
A04W,A04W8,NW,8,FAGR,4065,8,,51.56,2019-08-03,215,MG,,
B01E,B01E2,NE,2,QURU,4131,1,,40.62,2019-05-29,149,MG,,
B01E,B01E2,NE,2,QURU,4131,1,,40.71,2019-06-05,156,AS,0.09,
B01E,B01E2,NE,2,QURU,4131,1,,40.67,2019-06-21,172,MG,-0.04,
B01E,B01E2,NE,2,QURU,4131,1,,40.89,2019-07-05,186,MG,,
B01E,B01E2,NE,2,QURU,4131,1,,40.84,2019-07-19,200,MG,,
B01E,B01E2,NE,2,QURU,4131,1,,41.28,2019-08-03,215,MG,,
B01E,B01E2,NE,2,FAGR,4100,2,,39.06,2019-05-29,149,MG,,
B01E,B01E2,NE,2,FAGR,4100,2,,39.96,2019-06-05,156,AS,0.9,
B01E,B01E2,NE,2,FAGR,4100,2,,40.53,2019-06-21,172,MG,0.57,
B01E,B01E2,NE,2,FAGR,4100,2,,41.12,2019-07-05,186,MG,,
B01E,B01E2,NE,2,FAGR,4100,2,,41.77,2019-07-19,200,MG,,
B01E,B01E2,NE,2,FAGR,4100,2,,41.81,2019-08-03,215,MG,,
B01E,B01E4,SE,4,FAGR,4128,3,,19.09,2019-05-23,143,MG,,
B01E,B01E4,SE,4,FAGR,4128,3,,18.05,2019-06-05,156,AS,-1.04,Moved Flag
B01E,B01E4,SE,4,FAGR,4128,3,,18.06,2019-06-21,172,MG,0.01,
B01E,B01E4,SE,4,FAGR,4128,3,,18.01,2019-07-05,186,MG,,
B01E,B01E4,SE,4,FAGR,4128,3,,18.19,2019-07-19,200,MG,,
B01E,B01E4,SE,4,FAGR,4128,3,,18.27,2019-08-03,215,MG,,
B01E,B01E4,SE,4,FAGR,NA,4,,21.05,2019-05-23,143,MG,,
B01E,B01E4,SE,4,FAGR,NA,4,,21.36,2019-06-05,156,AS,0.31,
B01E,B01E4,SE,4,FAGR,NA,4,,22.1,2019-06-21,172,MG,0.74,
B01E,B01E4,SE,4,FAGR,NA,4,,22.49,2019-07-05,186,MG,,
B01E,B01E4,SE,4,FAGR,NA,4,,22.85,2019-07-19,200,MG,,
B01E,B01E4,SE,4,FAGR,4139,4,,23.32,2019-08-03,215,MG,,
B01E,B01E6,SW,6,ACPE,4129,5,,17.05,2019-05-29,149,MG,,
B01E,B01E6,SW,6,ACPE,4129,5,,17.37,2019-06-05,156,AS,0.32,
B01E,B01E6,SW,6,ACPE,4129,5,,17.22,2019-06-21,172,MG,-0.15,
B01E,B01E6,SW,6,ACPE,4129,5,,17.67,2019-07-05,186,MG,,
B01E,B01E6,SW,6,ACPE,4129,5,,18.07,2019-07-19,200,MG,,
B01E,B01E6,SW,6,ACPE,4129,5,,18.62,2019-08-03,215,MG,,
B01E,B01E6,SW,6,ACPE,4130,6,,17.28,2019-05-29,149,MG,,
B01E,B01E6,SW,6,ACPE,4130,6,,18.3,2019-06-05,156,AS,1.02,
B01E,B01E6,SW,6,ACPE,4130,6,,17.99,2019-06-21,172,MG,-0.31,
B01E,B01E6,SW,6,ACPE,4130,6,,18.6,2019-07-05,186,MG,,
B01E,B01E6,SW,6,ACPE,4130,6,,19.2,2019-07-19,200,MG,,
B01E,B01E6,SW,6,ACPE,4130,6,,19.31,2019-08-03,215,MG,,
B01E,B01E8,NW,8,ACPE,1742,7,,26.79,2019-05-23,143,MG,,
B01E,B01E8,NW,8,ACPE,1742,7,,27.23,2019-06-05,156,AS,0.44,
B01E,B01E8,NW,8,ACPE,1742,7,,27.88,2019-06-21,172,MG,0.65,
B01E,B01E8,NW,8,ACPE,1742,7,,27.97,2019-07-05,186,MG,,
B01E,B01E8,NW,8,ACPE,1742,7,,28.55,2019-07-19,200,MG,,
B01E,B01E8,NW,8,ACPE,1742,7,,29.03,2019-08-03,215,MG,,
B01E,B01E8,NW,8,FAGR,1741,8,,23.58,2019-05-23,143,MG,,
B01E,B01E8,NW,8,FAGR,1741,8,,22.94,2019-06-05,156,AS,-0.64,
B01E,B01E8,NW,8,FAGR,1741,8,,23.88,2019-06-21,172,MG,0.94,
B01E,B01E8,NW,8,FAGR,1741,8,,24.21,2019-07-05,186,MG,,
B01E,B01E8,NW,8,FAGR,1741,8,,25.85,2019-07-19,200,MG,,
B01E,B01E8,NW,8,FAGR,1741,8,,24.5,2019-08-03,215,MG,,
B01W,B01W2,NE,2,QURU,1593,1,,46.56,2019-05-23,143,MG,,
B01W,B01W2,NE,2,QURU,1593,1,,49.47,2019-06-05,156,AS,2.91,
B01W,B01W2,NE,2,QURU,1593,1,,46.19,2019-06-21,172,MG,-3.28,
B01W,B01W2,NE,2,QURU,1593,1,,47.62,2019-07-05,186,MG,,
B01W,B01W2,NE,2,QURU,1593,1,,48.93,2019-07-19,200,MG,,
B01W,B01W2,NE,2,QURU,1593,1,,49.56,2019-08-03,215,MG,,
B01W,B01W2,NE,2,ACPE,4132,2,,13.73,2019-05-23,143,MG,,
B01W,B01W2,NE,2,ACPE,4132,2,,14.18,2019-06-05,156,AS,0.45,
B01W,B01W2,NE,2,ACPE,4132,2,,14.33,2019-06-21,172,MG,0.15,
B01W,B01W2,NE,2,ACPE,4132,2,,13.97,2019-07-05,186,MG,,
B01W,B01W2,NE,2,ACPE,4132,2,,15.16,2019-07-19,200,MG,,
B01W,B01W2,NE,2,ACPE,4132,2,,15.18,2019-08-03,215,MG,,
B01W,B01W4,SE,4,ACSA,1592,5,,25.74,2019-05-23,143,MG,,
B01W,B01W4,SE,4,ACSA,1592,5,,25.12,2019-06-05,156,AS,-0.62,
B01W,B01W4,SE,4,ACSA,1592,5,,25.03,2019-06-21,172,MG,-0.09,
B01W,B01W4,SE,4,ACSA,1592,5,,25.52,2019-07-05,186,MG,,
B01W,B01W4,SE,4,ACSA,1592,5,,24.46,2019-07-19,200,MG,,
B01W,B01W4,SE,4,ACSA,1592,5,,25.72,2019-08-03,215,MG,,
B01W,B01W4,SE,4,ACSA,1594,6,,19.56,2019-05-23,143,MG,,
B01W,B01W4,SE,4,ACSA,1594,6,,19.71,2019-06-05,156,AS,0.15,
B01W,B01W4,SE,4,ACSA,1594,6,,19.45,2019-06-21,172,MG,-0.26,
B01W,B01W4,SE,4,ACSA,1594,6,,19.46,2019-07-05,186,MG,,
B01W,B01W4,SE,4,ACSA,1594,6,,19.75,2019-07-19,200,MG,,
B01W,B01W4,SE,4,ACSA,1594,6,,19.94,2019-08-03,215,MG,,
B01W,B01W4,SE,4,FAGR,1595,7,,15.9,2019-05-23,143,MG,,
B01W,B01W4,SE,4,FAGR,1595,7,,15.92,2019-06-05,156,AS,0.02,
B01W,B01W4,SE,4,FAGR,1595,7,,16.2,2019-06-21,172,MG,0.28,
B01W,B01W4,SE,4,FAGR,1595,7,,16.55,2019-07-05,186,MG,,
B01W,B01W4,SE,4,FAGR,1595,7,,16.72,2019-07-19,200,MG,,
B01W,B01W4,SE,4,FAGR,1595,7,,16.87,2019-08-03,215,MG,,
B01W,B01W4,SE,4,QURU,1591,9,,75.51,2019-05-23,143,MG,,
B01W,B01W4,SE,4,QURU,1591,9,,74.1,2019-06-05,156,AS,-1.41,
B01W,B01W4,SE,4,QURU,1591,9,,76.2,2019-06-21,172,MG,2.1,
B01W,B01W4,SE,4,QURU,1591,9,,77.61,2019-07-05,186,MG,,
B01W,B01W4,SE,4,QURU,1591,9,,75.88,2019-07-19,200,MG,,
B01W,B01W4,SE,4,QURU,1591,9,,76.87,2019-08-03,215,MG,,
B01W,B01W6,SW,6,FAGR,1631,10,,30.57,2019-05-23,143,MG,,
B01W,B01W6,SW,6,FAGR,1631,10,,31.93,2019-06-05,156,AS,1.36,
B01W,B01W6,SW,6,FAGR,1631,10,,33.63,2019-06-21,172,MG,1.7,
B01W,B01W6,SW,6,FAGR,1631,10,,34.13,2019-07-05,186,MG,,
B01W,B01W6,SW,6,FAGR,1631,10,,35.28,2019-07-19,200,MG,,
B01W,B01W6,SW,6,FAGR,1631,10,,35.28,2019-08-03,215,MG,,
B01W,B01W6,SW,6,FAGR,1629,12,,14.1,2019-05-23,143,MG,,
B01W,B01W6,SW,6,FAGR,1629,12,,14.44,2019-06-05,156,AS,0.34,
B01W,B01W6,SW,6,FAGR,1629,12,,14.33,2019-06-21,172,MG,-0.11,
B01W,B01W6,SW,6,FAGR,1629,12,,14.71,2019-07-05,186,MG,,
B01W,B01W6,SW,6,FAGR,1629,12,,14.54,2019-07-19,200,MG,,
B01W,B01W6,SW,6,FAGR,1629,12,,15.14,2019-08-03,215,MG,,
B01W,B01W6,SW,6,FAGR,1628,13,,18.74,2019-05-23,143,MG,,
B01W,B01W6,SW,6,FAGR,1628,13,,18.71,2019-06-05,156,AS,-0.03,
B01W,B01W6,SW,6,FAGR,1628,13,,18.75,2019-06-21,172,MG,0.04,
B01W,B01W6,SW,6,FAGR,1628,13,,19.39,2019-07-05,186,MG,,
B01W,B01W6,SW,6,FAGR,1628,13,,19.59,2019-07-19,200,MG,,
B01W,B01W6,SW,6,FAGR,1628,13,,19.76,2019-08-03,215,MG,,
B01W,B01W6,SW,6,FAGR,1627,14,,12.66,2019-05-23,143,MG,,
B01W,B01W6,SW,6,FAGR,1627,14,,12.16,2019-06-05,156,AS,-0.5,
B01W,B01W6,SW,6,FAGR,1627,14,,12.37,2019-06-21,172,MG,0.21,
B01W,B01W6,SW,6,FAGR,1627,14,,15.55,2019-07-05,186,MG,,
B01W,B01W6,SW,6,FAGR,1627,14,,12.54,2019-07-19,200,MG,,
B01W,B01W6,SW,6,FAGR,1627,14,,12.52,2019-08-03,215,MG,,
B01W,B01W8,NW,8,FAGR,1647,15,,13.66,2019-05-23,143,MG,,
B01W,B01W8,NW,8,FAGR,1647,15,,13.63,2019-06-05,156,AS,-0.03,
B01W,B01W8,NW,8,FAGR,1647,15,,13.33,2019-06-21,172,MG,-0.3,
B01W,B01W8,NW,8,FAGR,1647,15,,13.13,2019-07-05,186,MG,,
B01W,B01W8,NW,8,FAGR,1647,15,,13.14,2019-07-19,200,MG,,
B01W,B01W8,NW,8,FAGR,1647,15,,13.4,2019-08-03,215,MG,,
B01W,B01W8,NW,8,FAGR,1649,16,,15.27,2019-05-23,143,MG,,
B01W,B01W8,NW,8,FAGR,1649,16,,14.71,2019-06-05,156,AS,-0.56,
B01W,B01W8,NW,8,FAGR,1649,16,,15.1,2019-06-21,172,MG,0.39,
B01W,B01W8,NW,8,FAGR,1649,16,,14.89,2019-07-05,186,MG,,
B01W,B01W8,NW,8,FAGR,1649,16,,15.06,2019-07-19,200,MG,,
B01W,B01W8,NW,8,FAGR,1649,16,,15.26,2019-08-03,215,MG,,
B01W,B01W8,NW,8,QURU,4197,17,,29.43,2019-06-21,172,MG,,
B01W,B01W8,NW,8,QURU,4197,17,,29.31,2019-07-05,186,MG,,
B01W,B01W8,NW,8,QURU,4197,17,,29.82,2019-07-19,200,MG,,
B01W,B01W8,NW,8,QURU,4197,17,,29.53,2019-08-03,215,MG,,
B02E,B02E2,NE,2,FAGR,4085,1,,12.96,2019-05-23,143,MG,,
B02E,B02E2,NE,2,FAGR,4085,1,,13.18,2019-06-05,156,AS,0.22,
B02E,B02E2,NE,2,FAGR,4085,1,,13.51,2019-06-21,172,MG,0.33,
B02E,B02E2,NE,2,FAGR,4085,1,,13.51,2019-07-05,186,MG,,
B02E,B02E2,NE,2,FAGR,4085,1,,14.35,2019-07-19,200,MG,,
B02E,B02E2,NE,2,FAGR,4085,1,,14.3,2019-08-03,215,MG,,
B02E,B02E2,NE,2,FAGR,4086,2,,15.08,2019-05-29,149,MG,,
B02E,B02E2,NE,2,FAGR,4086,2,,15.2,2019-06-05,156,AS,0.12,
B02E,B02E2,NE,2,FAGR,4086,2,,15.4,2019-06-21,172,MG,0.2,
B02E,B02E2,NE,2,FAGR,4086,2,,15.87,2019-07-05,186,MG,,
B02E,B02E2,NE,2,FAGR,4086,2,,16.38,2019-07-19,200,MG,,
B02E,B02E2,NE,2,FAGR,4086,2,,16.79,2019-08-03,215,MG,,
B02E,B02E4,SE,4,ACPE,1884,3,,27.05,2019-05-23,143,MG,,
B02E,B02E4,SE,4,ACPE,1884,3,,27.15,2019-06-05,156,AS,0.1,
B02E,B02E4,SE,4,ACPE,1884,3,,27.78,2019-06-21,172,MG,0.63,
B02E,B02E4,SE,4,ACPE,1884,3,,28.06,2019-07-05,186,MG,,
B02E,B02E4,SE,4,ACPE,1884,3,,28.5,2019-07-19,200,MG,,
B02E,B02E4,SE,4,ACPE,1884,3,,28.78,2019-08-03,215,MG,,
B02E,B02E4,SE,4,FAGR,4088,4,,10.46,2019-05-23,143,MG,,
B02E,B02E4,SE,4,FAGR,4088,4,,10.16,2019-06-05,156,AS,-0.3,
B02E,B02E4,SE,4,FAGR,4088,4,,10.33,2019-06-21,172,MG,0.17,
B02E,B02E4,SE,4,FAGR,4088,4,,10.96,2019-07-05,186,MG,,
B02E,B02E4,SE,4,FAGR,4088,4,,11.48,2019-07-19,200,MG,,
B02E,B02E4,SE,4,FAGR,4088,4,,11.83,2019-08-03,215,MG,,
B02E,B02E6,SW,6,QURU,4133,5,,43.85,2019-05-29,149,MG,,
B02E,B02E6,SW,6,QURU,4133,5,,46.02,2019-06-05,156,AS,2.17,
B02E,B02E6,SW,6,QURU,4133,5,,44.48,2019-06-21,172,MG,-1.54,
B02E,B02E6,SW,6,QURU,4133,5,,43.95,2019-07-05,186,MG,,
B02E,B02E6,SW,6,QURU,4133,5,,44.01,2019-07-19,200,MG,,
B02E,B02E6,SW,6,QURU,4133,5,,44.16,2019-08-03,215,MG,,
B02E,B02E6,SW,6,AMEL,4134,6,,29.73,2019-05-29,149,MG,,
B02E,B02E6,SW,6,AMEL,4134,6,,30.07,2019-06-05,156,AS,0.34,
B02E,B02E6,SW,6,AMEL,4134,6,,26.81,2019-06-21,172,MG,-3.26,
B02E,B02E6,SW,6,AMEL,4134,6,,29.68,2019-07-05,186,MG,,
B02E,B02E6,SW,6,AMEL,4134,6,,30.38,2019-07-19,200,MG,,
B02E,B02E6,SW,6,AMEL,4134,6,,29.66,2019-08-03,215,MG,,
B02E,B02E8,NW,8,FAGR,4093,7,,15.78,2019-05-23,143,MG,,
B02E,B02E8,NW,8,FAGR,4093,7,,16.28,2019-06-05,156,AS,0.5,
B02E,B02E8,NW,8,FAGR,4093,7,,16.18,2019-06-21,172,MG,-0.1,
B02E,B02E8,NW,8,FAGR,4093,7,,16.28,2019-07-05,186,MG,,
B02E,B02E8,NW,8,FAGR,4093,7,,16.9,2019-07-19,200,MG,,
B02E,B02E8,NW,8,FAGR,4093,7,,16.85,2019-08-03,215,MG,,
B02E,B02E8,NW,8,ACSA,4135,8,,38.03,2019-05-23,143,MG,,
B02E,B02E8,NW,8,ACSA,4135,8,,38.12,2019-06-05,156,AS,0.09,
B02E,B02E8,NW,8,ACSA,4135,8,,38.15,2019-06-21,172,MG,0.03,
B02E,B02E8,NW,8,ACSA,4135,8,,38.77,2019-07-05,186,MG,,
B02E,B02E8,NW,8,ACSA,4135,8,,39.39,2019-07-19,200,MG,,
B02E,B02E8,NW,8,ACSA,4135,8,,40.13,2019-08-03,215,MG,,
B02W,B02W2,NE,2,FAGR,4136,1,,15.41,2019-05-23,143,MG,,
B02W,B02W2,NE,2,FAGR,4136,1,,15.82,2019-06-05,156,AS,0.41,
B02W,B02W2,NE,2,FAGR,4136,1,,15.72,2019-06-21,172,MG,-0.1,
B02W,B02W2,NE,2,FAGR,4136,1,,16.23,2019-07-05,186,MG,,
B02W,B02W2,NE,2,FAGR,4136,1,,16.88,2019-07-19,200,MG,,
B02W,B02W2,NE,2,FAGR,4136,1,,16.83,2019-08-03,215,MG,,
B02W,B02W2,NE,2,FAGR,4137,2,,18.45,2019-05-23,143,MG,,
B02W,B02W2,NE,2,FAGR,4137,2,,19.22,2019-06-05,156,AS,0.77,
B02W,B02W2,NE,2,FAGR,4137,2,,19.53,2019-06-21,172,MG,0.31,
B02W,B02W2,NE,2,FAGR,4137,2,,19.24,2019-07-05,186,MG,,
B02W,B02W2,NE,2,FAGR,4137,2,,20.03,2019-07-19,200,MG,,
B02W,B02W2,NE,2,FAGR,4137,2,,20.26,2019-08-03,215,MG,,
B02W,B02W4,SE,4,QURU,1781,3,,NA,2019-05-23,143,MG,,was entered as 14.56
B02W,B02W4,SE,4,QURU,1781,3,,51.03,2019-06-05,156,AS,51.03,
B02W,B02W4,SE,4,QURU,1781,3,,49.88,2019-06-21,172,MG,-1.15,
B02W,B02W4,SE,4,QURU,1781,3,,50.1,2019-07-05,186,MG,,
B02W,B02W4,SE,4,QURU,1781,3,,51.17,2019-07-19,200,MG,,
B02W,B02W4,SE,4,QURU,1781,3,,50.49,2019-08-03,215,MG,,
B02W,B02W4,SE,4,ACPE,1780,4,,10.72,2019-05-23,143,MG,,
B02W,B02W4,SE,4,ACPE,1780,4,,10.3,2019-06-05,156,AS,-0.42,
B02W,B02W4,SE,4,ACPE,1780,4,,10.82,2019-06-21,172,MG,0.52,
B02W,B02W4,SE,4,ACPE,1780,4,,11.31,2019-07-05,186,MG,,
B02W,B02W4,SE,4,ACPE,1780,4,,11.45,2019-07-19,200,MG,,
B02W,B02W4,SE,4,ACPE,1780,4,,12.97,2019-08-03,215,MG,,
B02W,B02W6,SW,6,FAGR,4077,5,,NA,2019-05-29,149,MG,,was entered as 61.66
B02W,B02W6,SW,6,FAGR,4077,5,,28.86,2019-06-05,156,AS,28.86,moved flag
B02W,B02W6,SW,6,FAGR,4077,5,,26.16,2019-06-21,172,MG,-2.7,
B02W,B02W6,SW,6,FAGR,4077,5,,26.04,2019-07-05,186,MG,,
B02W,B02W6,SW,6,FAGR,4077,5,,26.44,2019-07-19,200,MG,,
B02W,B02W6,SW,6,FAGR,4077,5,,26.45,2019-08-03,215,MG,,
B02W,B02W6,SW,6,FAGR,4138,6,,36.36,2019-05-23,143,MG,,
B02W,B02W6,SW,6,FAGR,4138,6,,33.31,2019-06-05,156,AS,-3.05,
B02W,B02W6,SW,6,FAGR,4138,6,,35.31,2019-06-21,172,MG,2,
B02W,B02W6,SW,6,FAGR,4138,6,,36.02,2019-07-05,186,MG,,
B02W,B02W6,SW,6,FAGR,4138,6,,36.51,2019-07-19,200,MG,,
B02W,B02W6,SW,6,FAGR,4138,6,,37.16,2019-08-03,215,MG,,
B02W,B02W8,NW,8,FAGR,4082,7,,51.04,2019-05-23,143,MG,,
B02W,B02W8,NW,8,FAGR,4082,7,,50.72,2019-06-05,156,AS,-0.32,
B02W,B02W8,NW,8,FAGR,4082,7,,50.13,2019-06-21,172,MG,-0.59,
B02W,B02W8,NW,8,FAGR,4082,7,,50.31,2019-07-05,186,MG,,
B02W,B02W8,NW,8,FAGR,4082,7,,50.7,2019-07-19,200,MG,,
B02W,B02W8,NW,8,FAGR,4082,7,,49.97,2019-08-03,215,MG,,
B02W,B02W8,NW,8,FAGR,4081,8,,64.91,2019-05-23,143,MG,,
B02W,B02W8,NW,8,FAGR,4081,8,,64.56,2019-06-05,156,AS,-0.35,
B02W,B02W8,NW,8,FAGR,4081,8,,64.72,2019-06-21,172,MG,0.16,
B02W,B02W8,NW,8,FAGR,4081,8,,64.89,2019-07-05,186,MG,,
B02W,B02W8,NW,8,FAGR,4081,8,,65.4,2019-07-19,200,MG,,
B02W,B02W8,NW,8,FAGR,4081,8,,65.75,2019-08-03,215,MG,,
B03E,B03E2,NE,2,FAGR,3259,1,,12.29,2019-05-29,149,MG,,
B03E,B03E2,NE,2,FAGR,3259,1,,12.11,2019-06-05,156,MG,-0.18,
B03E,B03E2,NE,2,FAGR,3259,1,,12.05,2019-06-21,172,MG,-0.06,
B03E,B03E2,NE,2,FAGR,3259,1,,12.26,2019-07-05,186,MG,,
B03E,B03E2,NE,2,FAGR,3259,1,,12.47,2019-07-19,200,MG,,
B03E,B03E2,NE,2,FAGR,3259,1,,12.72,2019-08-03,215,MG,,
B03E,B03E2,NE,2,AMEL,3260,2,,17.23,2019-05-23,143,MG,,
B03E,B03E2,NE,2,AMEL,3260,2,,17.01,2019-06-05,156,MG,-0.22,
B03E,B03E2,NE,2,AMEL,3260,2,,16.5,2019-06-21,172,MG,-0.51,
B03E,B03E2,NE,2,AMEL,3260,2,,16.41,2019-07-05,186,MG,,
B03E,B03E2,NE,2,AMEL,3260,2,,16.64,2019-07-19,200,MG,,
B03E,B03E2,NE,2,AMEL,3260,2,,16.85,2019-08-03,215,MG,,
B03E,B03E4,SE,4,QURU,3264,3,,50.16,2019-05-23,143,MG,,
B03E,B03E4,SE,4,QURU,3264,3,,50.19,2019-06-05,156,MG,0.03,
B03E,B03E4,SE,4,QURU,3264,3,,50.06,2019-06-21,172,MG,-0.13,
B03E,B03E4,SE,4,QURU,3264,3,,50.39,2019-07-05,186,MG,,
B03E,B03E4,SE,4,QURU,3264,3,,51.51,2019-07-19,200,MG,,
B03E,B03E4,SE,4,QURU,3264,3,,15.26,2019-08-03,215,MG,,
B03E,B03E4,SE,4,FAGR,3263,4,,14.29,2019-05-29,149,MG,,
B03E,B03E4,SE,4,FAGR,3263,4,,13.23,2019-06-05,156,MG,-1.06,
B03E,B03E4,SE,4,FAGR,3263,4,,13.34,2019-06-21,172,MG,0.11,
B03E,B03E4,SE,4,FAGR,3263,4,,14.32,2019-07-05,186,MG,,
B03E,B03E4,SE,4,FAGR,3263,4,,14.57,2019-07-19,200,MG,,
B03E,B03E4,SE,4,FAGR,3263,4,,15.78,2019-08-03,215,MG,,
B03E,B03E6,SW,6,QURU,3268,5,,30.12,2019-05-29,149,MG,,
B03E,B03E6,SW,6,QURU,3268,5,,29.96,2019-06-05,156,MG,-0.16,
B03E,B03E6,SW,6,QURU,3268,5,,29.98,2019-06-21,172,MG,0.02,
B03E,B03E6,SW,6,QURU,3268,5,,30.31,2019-07-05,186,MG,,
B03E,B03E6,SW,6,QURU,3268,5,,30.38,2019-07-19,200,MG,,
B03E,B03E6,SW,6,QURU,3268,5,,31.05,2019-08-03,215,MG,,
B03E,B03E6,SW,6,AMEL,3269,6,,12.43,2019-05-23,143,MG,,
B03E,B03E6,SW,6,AMEL,3269,6,,12.37,2019-06-05,156,MG,-0.06,
B03E,B03E6,SW,6,AMEL,3269,6,,13.71,2019-06-21,172,MG,1.34,
B03E,B03E6,SW,6,AMEL,3269,6,,12.64,2019-07-05,186,MG,,
B03E,B03E6,SW,6,AMEL,3269,6,,12.53,2019-07-19,200,MG,,
B03E,B03E6,SW,6,AMEL,3269,6,,13.01,2019-08-03,215,MG,,
B03E,B03E8,NW,8,ACSA,2133,7,,29.89,2019-05-23,143,MG,,
B03E,B03E8,NW,8,ACSA,2133,7,,30.37,2019-06-05,156,MG,0.48,
B03E,B03E8,NW,8,ACSA,2133,7,,29.51,2019-06-21,172,MG,-0.86,
B03E,B03E8,NW,8,ACSA,2133,7,,29.58,2019-07-05,186,MG,,
B03E,B03E8,NW,8,ACSA,2133,7,,30.02,2019-07-19,200,MG,,
B03E,B03E8,NW,8,ACSA,2133,7,,30,2019-08-03,215,MG,,
B03E,B03E8,NW,8,ACSA,2129,8,,18.28,2019-05-23,143,MG,,
B03E,B03E8,NW,8,ACSA,2129,8,,17.67,2019-06-05,156,MG,-0.61,
B03E,B03E8,NW,8,ACSA,2129,8,,17.9,2019-06-21,172,MG,0.23,
B03E,B03E8,NW,8,ACSA,2129,8,,17.64,2019-07-05,186,MG,,
B03E,B03E8,NW,8,ACSA,2129,8,,17.84,2019-07-19,200,MG,,
B03E,B03E8,NW,8,ACSA,2129,8,,18.04,2019-08-03,215,MG,,
B03E,B03E8,NW,8,ACSA,2130,9,,27.19,2019-05-23,143,MG,,
B03E,B03E8,NW,8,ACSA,2130,9,,27.05,2019-06-05,156,MG,-0.14,
B03E,B03E8,NW,8,ACSA,2130,9,,27.04,2019-06-21,172,MG,-0.01,
B03E,B03E8,NW,8,ACSA,2130,9,,27.31,2019-07-05,186,MG,,
B03E,B03E8,NW,8,ACSA,2130,9,,27.94,2019-07-19,200,MG,,
B03E,B03E8,NW,8,ACSA,2130,9,,27.78,2019-08-03,215,MG,,
B03E,B03E8,NW,8,AMEL,2132,10,,31.52,2019-05-23,143,MG,,
B03E,B03E8,NW,8,AMEL,2132,10,,31.22,2019-06-05,156,MG,-0.3,
B03E,B03E8,NW,8,AMEL,2132,10,,30.7,2019-06-21,172,MG,-0.52,
B03E,B03E8,NW,8,AMEL,2132,10,,30.56,2019-07-05,186,MG,,
B03E,B03E8,NW,8,AMEL,2132,10,,30.82,2019-07-19,200,MG,,
B03E,B03E8,NW,8,AMEL,2132,10,,30.68,2019-08-03,215,MG,,
B03E,B03E8,NW,8,AMEL,2131,11,,21.73,2019-05-23,143,MG,,
B03E,B03E8,NW,8,AMEL,2131,11,,20.58,2019-06-05,156,MG,-1.15,
B03E,B03E8,NW,8,AMEL,2131,11,,27.7,2019-06-21,172,MG,7.12,
B03E,B03E8,NW,8,AMEL,2131,11,,20.5,2019-07-05,186,MG,,
B03E,B03E8,NW,8,AMEL,2131,11,,20.71,2019-07-19,200,MG,,
B03E,B03E8,NW,8,AMEL,2131,11,,20.78,2019-08-03,215,MG,,
B03W,B03W2,NE,2,ACRU,3274,1,,74.32,2019-05-23,143,MG,,
B03W,B03W2,NE,2,ACRU,3274,1,,72.83,2019-06-05,156,MG,-1.49,
B03W,B03W2,NE,2,ACRU,3274,1,,73.97,2019-06-21,172,MG,1.14,
B03W,B03W2,NE,2,ACRU,3274,1,,74,2019-07-05,186,MG,,
B03W,B03W2,NE,2,ACRU,3274,1,,73.7,2019-07-19,200,MG,,
B03W,B03W2,NE,2,ACRU,3274,1,,74.06,2019-08-03,215,MG,,
B03W,B03W2,NE,2,FAGR,3275,2,,16.6,2019-05-29,149,MG,,
B03W,B03W2,NE,2,FAGR,3275,2,,17.43,2019-06-05,156,MG,0.83,
B03W,B03W2,NE,2,FAGR,3275,2,,17.9,2019-06-21,172,MG,0.47,
B03W,B03W2,NE,2,FAGR,3275,2,,17.35,2019-07-05,186,MG,,
B03W,B03W2,NE,2,FAGR,3275,2,,17.59,2019-07-19,200,MG,,
B03W,B03W2,NE,2,FAGR,3275,2,,17.47,2019-08-03,215,MG,,
B03W,B03W4,SE,4,FAGR,2003,3,,23.94,2019-05-23,143,MG,,
B03W,B03W4,SE,4,FAGR,2003,3,,21.77,2019-06-05,156,MG,-2.17,
B03W,B03W4,SE,4,FAGR,2003,3,,22.33,2019-06-21,172,MG,0.56,
B03W,B03W4,SE,4,FAGR,2003,3,,22.35,2019-07-05,186,MG,,
B03W,B03W4,SE,4,FAGR,2003,3,,22.7,2019-07-19,200,MG,,
B03W,B03W4,SE,4,FAGR,2003,3,,22.88,2019-08-03,215,MG,,
B03W,B03W4,SE,4,FAGR,3277,4,,11.39,2019-05-23,143,MG,,
B03W,B03W4,SE,4,FAGR,3277,4,,11.02,2019-06-05,156,MG,-0.37,
B03W,B03W4,SE,4,FAGR,3277,4,,11.47,2019-06-21,172,MG,0.45,
B03W,B03W4,SE,4,FAGR,3277,4,,11.59,2019-07-05,186,MG,,
B03W,B03W4,SE,4,FAGR,3277,4,,11.77,2019-07-19,200,MG,,
B03W,B03W4,SE,4,FAGR,3277,4,,11.8,2019-08-03,215,MG,,
B03W,B03W6,SW,6,ACPE,3281,5,,20.84,2019-05-29,149,MG,,
B03W,B03W6,SW,6,ACPE,3281,5,,20.84,2019-06-05,156,MG,0,missing flag
B03W,B03W6,SW,6,ACPE,3281,5,,21.4,2019-06-21,172,MG,0.56,
B03W,B03W6,SW,6,ACPE,3281,5,,22,2019-07-05,186,MG,,
B03W,B03W6,SW,6,ACPE,3281,5,,22.43,2019-07-19,200,MG,,
B03W,B03W6,SW,6,ACPE,3281,5,,22.98,2019-08-03,215,MG,,
B03W,B03W6,SW,6,ACRU,3278,6,,11.86,2019-05-23,143,MG,,
B03W,B03W6,SW,6,ACRU,3278,6,,11.78,2019-06-05,156,MG,-0.08,
B03W,B03W6,SW,6,ACRU,3278,6,,12.15,2019-06-21,172,MG,0.37,
B03W,B03W6,SW,6,ACRU,3278,6,,12.51,2019-07-05,186,MG,,
B03W,B03W6,SW,6,ACRU,3278,6,,12.97,2019-07-19,200,MG,,
B03W,B03W6,SW,6,ACRU,3278,6,,13.09,2019-08-03,215,MG,,
B03W,B03W8,NW,8,ACPE,2061,7,,14.43,2019-05-23,143,MG,,
B03W,B03W8,NW,8,ACPE,2061,7,,15.44,2019-06-05,156,MG,1.01,
B03W,B03W8,NW,8,ACPE,2061,7,,15.61,2019-06-21,172,MG,0.17,
B03W,B03W8,NW,8,ACPE,2061,7,,16.03,2019-07-05,186,MG,,
B03W,B03W8,NW,8,ACPE,2061,7,,16.49,2019-07-19,200,MG,,
B03W,B03W8,NW,8,ACPE,2061,7,,16.98,2019-08-03,215,MG,,
B03W,B03W8,NW,8,ACPE,3282,8,,14.88,2019-05-23,143,MG,,
B03W,B03W8,NW,8,ACPE,3282,8,,14.8,2019-06-05,156,MG,-0.08,
B03W,B03W8,NW,8,ACPE,3282,8,,15.15,2019-06-21,172,MG,0.35,
B03W,B03W8,NW,8,ACPE,3282,8,,15.27,2019-07-05,186,MG,,
B03W,B03W8,NW,8,ACPE,3282,8,,15.94,2019-07-19,200,MG,,
B03W,B03W8,NW,8,ACPE,3282,8,,16.25,2019-08-03,215,MG,,
B03W,B03W8,NW,8,FAGR,2060,10,,21.11,2019-05-23,143,MG,,
B03W,B03W8,NW,8,FAGR,2060,10,,21.36,2019-06-05,156,MG,0.25,
B03W,B03W8,NW,8,FAGR,2060,10,,21.97,2019-06-21,172,MG,0.61,
B03W,B03W8,NW,8,FAGR,2060,10,,22.86,2019-07-05,186,MG,,
B03W,B03W8,NW,8,FAGR,2060,10,,23.18,2019-07-19,200,MG,,
B03W,B03W8,NW,8,FAGR,2060,10,,23.44,2019-08-03,215,MG,,
B03W,B03W8,NW,8,FAGR,2062,11,,22.46,2019-05-23,143,MG,,
B03W,B03W8,NW,8,FAGR,2062,11,,20.96,2019-06-05,156,MG,-1.5,
B03W,B03W8,NW,8,FAGR,2062,11,,22.56,2019-06-21,172,MG,1.6,
B03W,B03W8,NW,8,FAGR,2062,11,,22.35,2019-07-05,186,MG,,
B03W,B03W8,NW,8,FAGR,2062,11,,22.61,2019-07-19,200,MG,,
B03W,B03W8,NW,8,FAGR,2062,11,,22.91,2019-08-03,215,MG,,
B04E,B04E2,NE,2,ACPE,2263,1,,12.18,2019-05-23,143,MG,,
B04E,B04E2,NE,2,ACPE,2263,1,,12.5,2019-06-05,156,AS,0.32,
B04E,B04E2,NE,2,ACPE,2263,1,,12.92,2019-06-21,172,MG,0.42,
B04E,B04E2,NE,2,ACPE,2263,1,,13.23,2019-07-05,186,MG,,
B04E,B04E2,NE,2,ACPE,2263,1,,13.29,2019-07-19,200,MG,,
B04E,B04E2,NE,2,ACPE,2263,1,,14.12,2019-08-03,215,MG,,
B04E,B04E2,NE,2,ACPE,2262,2,,29.12,2019-05-23,143,MG,,
B04E,B04E2,NE,2,ACPE,2262,2,,27.35,2019-06-05,156,AS,-1.77,
B04E,B04E2,NE,2,ACPE,2262,2,,26.9,2019-06-21,172,MG,-0.45,
B04E,B04E2,NE,2,ACPE,2262,2,,27.93,2019-07-05,186,MG,,
B04E,B04E2,NE,2,ACPE,2262,2,,27.59,2019-07-19,200,MG,,
B04E,B04E2,NE,2,ACPE,2262,2,,27.73,2019-08-03,215,MG,,
B04E,B04E2,NE,2,QURU,4117,3,,45.3,2019-05-23,143,MG,,
B04E,B04E2,NE,2,QURU,4117,3,,44.66,2019-06-05,156,AS,-0.64,
B04E,B04E2,NE,2,QURU,4117,3,,44.55,2019-06-21,172,MG,-0.11,
B04E,B04E2,NE,2,QURU,4117,3,,45.03,2019-07-05,186,MG,,
B04E,B04E2,NE,2,QURU,4117,3,,44.97,2019-07-19,200,MG,,
B04E,B04E2,NE,2,QURU,4117,3,,44.97,2019-08-03,215,MG,,
B04E,B04E4,SE,4,ACRU,4119,4,,21.07,2019-05-29,149,MG,,
B04E,B04E4,SE,4,ACRU,4119,4,,21.09,2019-06-05,156,AS,0.02,
B04E,B04E4,SE,4,ACRU,4119,4,,21.27,2019-06-21,172,MG,0.18,
B04E,B04E4,SE,4,ACRU,4119,4,,21.11,2019-07-05,186,MG,,
B04E,B04E4,SE,4,ACRU,4119,4,,21.37,2019-07-19,200,MG,,
B04E,B04E4,SE,4,ACRU,4119,4,,21.42,2019-08-03,215,MG,,
B04E,B04E4,SE,4,ACRU,4118,5,,18.28,2019-05-29,149,MG,,
B04E,B04E4,SE,4,ACRU,4118,5,,18.29,2019-06-05,156,AS,0.01,
B04E,B04E4,SE,4,ACRU,4118,5,,18.45,2019-06-21,172,MG,0.16,
B04E,B04E4,SE,4,ACRU,4118,5,,18.2,2019-07-05,186,MG,,
B04E,B04E4,SE,4,ACRU,4118,5,,18.29,2019-07-19,200,MG,,
B04E,B04E4,SE,4,ACRU,4118,5,,18.5,2019-08-03,215,MG,,
B04E,B04E6,SW,6,ACRU,2311,6,,17.97,2019-05-23,143,MG,,
B04E,B04E6,SW,6,ACRU,2311,6,,17.83,2019-06-05,156,AS,-0.14,
B04E,B04E6,SW,6,ACRU,2311,6,,16.85,2019-06-21,172,MG,-0.98,
B04E,B04E6,SW,6,ACRU,2311,6,,16.98,2019-07-05,186,MG,,
B04E,B04E6,SW,6,ACRU,2311,6,,16.9,2019-07-19,200,MG,,
B04E,B04E6,SW,6,ACRU,2311,6,,17.2,2019-08-03,215,MG,,
B04E,B04E6,SW,6,ACRU,2312,7,,16.58,2019-05-23,143,MG,,
B04E,B04E6,SW,6,ACRU,2312,7,,15.84,2019-06-05,156,AS,-0.74,
B04E,B04E6,SW,6,ACRU,2312,7,,16.08,2019-06-21,172,MG,0.24,
B04E,B04E6,SW,6,ACRU,2312,7,,16.49,2019-07-05,186,MG,,
B04E,B04E6,SW,6,ACRU,2312,7,,16.72,2019-07-19,200,MG,,
B04E,B04E6,SW,6,ACRU,2312,7,,17.42,2019-08-03,215,MG,,
B04E,B04E8,NW,8,QURU,4115,8,,28.68,2019-05-29,149,MG,,
B04E,B04E8,NW,8,QURU,4115,8,,28.99,2019-06-05,156,AS,0.31,
B04E,B04E8,NW,8,QURU,4115,8,,28.65,2019-06-21,172,MG,-0.34,
B04E,B04E8,NW,8,QURU,4115,8,,28.89,2019-07-05,186,MG,,
B04E,B04E8,NW,8,QURU,4115,8,,29.52,2019-07-19,200,MG,,
B04E,B04E8,NW,8,QURU,4115,8,,29.11,2019-08-03,215,MG,,
B04E,B04E8,NW,8,FAGR,4116,9,,17.62,2019-05-29,149,MG,,
B04E,B04E8,NW,8,FAGR,4116,9,,17.86,2019-06-05,156,AS,0.24,
B04E,B04E8,NW,8,FAGR,4116,9,,18.29,2019-06-21,172,MG,0.43,
B04E,B04E8,NW,8,FAGR,4116,9,,18.9,2019-07-05,186,MG,,
B04E,B04E8,NW,8,FAGR,4116,9,,19.27,2019-07-19,200,MG,,
B04E,B04E8,NW,8,FAGR,4116,9,,19.19,2019-08-03,215,MG,,
B04W,B04W2,NE,2,ACRU,4198,1,,NA,2019-05-29,149,,,
B04W,B04W2,NE,2,ACRU,4198,1,,43.41,2019-06-05,156,AS,,
B04W,B04W2,NE,2,ACRU,4198,1,,43.65,2019-06-21,172,MG,0.24,
B04W,B04W2,NE,2,ACRU,4198,1,,43.73,2019-07-05,186,MG,,
B04W,B04W2,NE,2,ACRU,4198,1,,44.06,2019-07-19,200,MG,,
B04W,B04W2,NE,2,ACRU,4198,1,,44.15,2019-08-03,215,MG,,
B04W,B04W2,NE,2,ACRU,2155,2,,32.32,2019-05-23,143,MG,,
B04W,B04W2,NE,2,ACRU,2155,2,,32.69,2019-06-05,156,AS,0.37,
B04W,B04W2,NE,2,ACRU,2155,2,,32.06,2019-06-21,172,MG,-0.63,
B04W,B04W2,NE,2,ACRU,2155,2,,32.41,2019-07-05,186,MG,,
B04W,B04W2,NE,2,ACRU,2155,2,,32.34,2019-07-19,200,MG,,
B04W,B04W2,NE,2,ACRU,2155,2,,32.5,2019-08-03,215,MG,,
B04W,B04W4,SE,4,ACRU,4120,3,,20.23,2019-05-23,143,MG,,
B04W,B04W4,SE,4,ACRU,4120,3,,19.51,2019-06-05,156,AS,-0.72,
B04W,B04W4,SE,4,ACRU,4120,3,,19.72,2019-06-21,172,MG,0.21,
B04W,B04W4,SE,4,ACRU,4120,3,,20.12,2019-07-05,186,MG,,
B04W,B04W4,SE,4,ACRU,4120,3,,20.46,2019-07-19,200,MG,,
B04W,B04W4,SE,4,ACRU,4120,3,,19.92,2019-08-03,215,MG,,
B04W,B04W4,SE,4,QURU,4121,4,,42.42,2019-05-23,143,MG,,
B04W,B04W4,SE,4,QURU,4121,4,,41.91,2019-06-05,156,AS,-0.51,
B04W,B04W4,SE,4,QURU,4121,4,,40.97,2019-06-21,172,MG,-0.94,
B04W,B04W4,SE,4,QURU,4121,4,,41.28,2019-07-05,186,MG,,
B04W,B04W4,SE,4,QURU,4121,4,,41.22,2019-07-19,200,MG,,
B04W,B04W4,SE,4,QURU,4121,4,,41.2,2019-08-03,215,MG,,
B04W,B04W6,SW,6,FAGR,2206,5,,13.16,2019-05-23,143,MG,,
B04W,B04W6,SW,6,FAGR,2206,5,,13.09,2019-06-05,156,AS,-0.07,
B04W,B04W6,SW,6,FAGR,2206,5,,13.06,2019-06-21,172,MG,-0.03,
B04W,B04W6,SW,6,FAGR,2206,5,,13.53,2019-07-05,186,MG,,
B04W,B04W6,SW,6,FAGR,2206,5,,13.93,2019-07-19,200,MG,,
B04W,B04W6,SW,6,FAGR,2206,5,,14.1,2019-08-03,215,MG,,
B04W,B04W6,SW,6,QURU,4127,6,,34.61,2019-05-29,149,MG,,
B04W,B04W6,SW,6,QURU,4127,6,,34.8,2019-06-05,156,AS,0.19,
B04W,B04W6,SW,6,QURU,4127,6,,34.67,2019-06-21,172,MG,-0.13,
B04W,B04W6,SW,6,QURU,4127,6,,34.39,2019-07-05,186,MG,,
B04W,B04W6,SW,6,QURU,4127,6,,34.62,2019-07-19,200,MG,,
B04W,B04W6,SW,6,QURU,4127,6,,34.3,2019-08-03,215,MG,,
B04W,B04W8,NW,8,ACRU,2229,7,,33.18,2019-05-23,143,MG,,
B04W,B04W8,NW,8,ACRU,2229,7,,33,2019-06-05,156,AS,-0.18,
B04W,B04W8,NW,8,ACRU,2229,7,,33.32,2019-06-21,172,MG,0.32,
B04W,B04W8,NW,8,ACRU,2229,7,,32.19,2019-07-05,186,MG,,
B04W,B04W8,NW,8,ACRU,2229,7,,32.62,2019-07-19,200,MG,,
B04W,B04W8,NW,8,ACRU,2229,7,,33.83,2019-08-03,215,MG,,
B04W,B04W8,NW,8,ACPE,2226,8,,28,2019-05-23,143,MG,,
B04W,B04W8,NW,8,ACPE,2226,8,,27.52,2019-06-05,156,AS,-0.48,
B04W,B04W8,NW,8,ACPE,2226,8,,27.57,2019-06-21,172,MG,0.05,
B04W,B04W8,NW,8,ACPE,2226,8,,28.15,2019-07-05,186,MG,,
B04W,B04W8,NW,8,ACPE,2226,8,,29.08,2019-07-19,200,MG,,
B04W,B04W8,NW,8,ACPE,2226,8,,29.39,2019-08-03,215,MG,,
B04W,B04W8,NW,8,ACPE,2227,9,,18.06,2019-05-23,143,MG,,
B04W,B04W8,NW,8,ACPE,2227,9,,17.94,2019-06-05,156,AS,-0.12,
B04W,B04W8,NW,8,ACPE,2227,9,,18.07,2019-06-21,172,MG,0.13,
B04W,B04W8,NW,8,ACPE,2227,9,,18.49,2019-07-05,186,MG,,
B04W,B04W8,NW,8,ACPE,2227,9,,18.86,2019-07-19,200,MG,,
B04W,B04W8,NW,8,ACPE,2227,9,,19.24,2019-08-03,215,MG,,
B04W,B04W8,NW,8,ACPE,2228,10,,19.12,2019-05-23,143,MG,,
B04W,B04W8,NW,8,ACPE,2228,10,,18.87,2019-06-05,156,AS,-0.25,
B04W,B04W8,NW,8,ACPE,2228,10,,19.1,2019-06-21,172,MG,0.23,
B04W,B04W8,NW,8,ACPE,2228,10,,19.62,2019-07-05,186,MG,,
B04W,B04W8,NW,8,ACPE,2228,10,,20.33,2019-07-19,200,MG,,
B04W,B04W8,NW,8,ACPE,2228,10,,20.41,2019-08-03,215,MG,,
C01E,C01E2,NE,2,PIST,737,1,,43.04,2019-05-22,142,MG,,
C01E,C01E2,NE,2,PIST,737,1,,43.43,2019-06-04,155,MG,0.39,
C01E,C01E2,NE,2,PIST,737,1,,43.53,2019-06-20,171,MG,0.1,
C01E,C01E2,NE,2,PIST,737,1,,43.81,2019-07-04,185,MG,,
C01E,C01E2,NE,2,PIST,737,1,,44.98,2019-07-18,199,MG,,
C01E,C01E2,NE,2,PIST,737,1,,44.93,2019-08-04,216,MG,,
C01E,C01E2,NE,2,PIST,736,2,,58,2019-05-22,142,MG,,
C01E,C01E2,NE,2,PIST,736,2,,57.58,2019-06-04,155,MG,-0.42,
C01E,C01E2,NE,2,PIST,736,2,,57.68,2019-06-20,171,MG,0.1,
C01E,C01E2,NE,2,PIST,736,2,,57.97,2019-07-04,185,MG,,
C01E,C01E2,NE,2,PIST,736,2,,58.59,2019-07-18,199,MG,,
C01E,C01E2,NE,2,PIST,736,2,,58.48,2019-08-04,216,MG,,
C01E,C01E4,SE,4,PIST,3961,3,,13.41,2019-05-22,142,MG,,
C01E,C01E4,SE,4,PIST,3961,3,,13.49,2019-06-04,155,MG,0.08,
C01E,C01E4,SE,4,PIST,3961,3,,13.81,2019-06-20,171,MG,0.32,
C01E,C01E4,SE,4,PIST,3961,3,,13.81,2019-07-04,185,MG,,
C01E,C01E4,SE,4,PIST,3961,3,,14.33,2019-07-18,199,MG,,
C01E,C01E4,SE,4,PIST,3961,3,,14.14,2019-08-04,216,MG,,
C01E,C01E4,SE,4,PIST,3960,4,,59.67,2019-05-31,151,MG,,
C01E,C01E4,SE,4,PIST,3960,4,,58.26,2019-06-04,155,MG,-1.41,
C01E,C01E4,SE,4,PIST,3960,4,,59.9,2019-06-20,171,MG,1.64,
C01E,C01E4,SE,4,PIST,3960,4,,60.67,2019-07-04,185,MG,,
C01E,C01E4,SE,4,PIST,3960,4,,61.17,2019-07-18,199,MG,,
C01E,C01E4,SE,4,PIST,3960,4,,62.22,2019-08-04,216,MG,,
C01E,C01E6,SW,6,ACRU,3964,5,,32.72,2019-05-22,142,MG,,
C01E,C01E6,SW,6,ACRU,3964,5,,33.56,2019-06-04,155,MG,0.84,
C01E,C01E6,SW,6,ACRU,3964,5,,33.69,2019-06-20,171,MG,0.13,
C01E,C01E6,SW,6,ACRU,3964,5,,34.19,2019-07-04,185,MG,,
C01E,C01E6,SW,6,ACRU,3964,5,,34.16,2019-07-18,199,MG,,
C01E,C01E6,SW,6,ACRU,3964,5,,34.33,2019-08-04,216,MG,,
C01E,C01E6,SW,6,ACRU,3965,6,,14.75,2019-05-22,142,MG,,
C01E,C01E6,SW,6,ACRU,3965,6,,14.74,2019-06-04,155,MG,-0.01,
C01E,C01E6,SW,6,ACRU,3965,6,,14.55,2019-06-20,171,MG,-0.19,
C01E,C01E6,SW,6,ACRU,3965,6,,14.75,2019-07-04,185,MG,,
C01E,C01E6,SW,6,ACRU,3965,6,,14.93,2019-07-18,199,MG,,
C01E,C01E6,SW,6,ACRU,3965,6,,14.92,2019-08-04,216,MG,,
C01E,C01E8,NW,8,FAGR,806,7,,54.44,2019-05-22,142,MG,,
C01E,C01E8,NW,8,FAGR,806,7,,55.5,2019-06-04,155,MG,1.06,
C01E,C01E8,NW,8,FAGR,806,7,,55.55,2019-06-20,171,MG,0.05,
C01E,C01E8,NW,8,FAGR,806,7,,56,2019-07-04,185,MG,,
C01E,C01E8,NW,8,FAGR,806,7,,56.94,2019-07-18,199,MG,,
C01E,C01E8,NW,8,FAGR,806,7,,56.69,2019-08-04,216,MG,,
C01E,C01E8,NW,8,ACRU,3967,8,,31.22,2019-05-22,142,MG,,
C01E,C01E8,NW,8,ACRU,3967,8,,29.43,2019-06-04,155,MG,-1.79,
C01E,C01E8,NW,8,ACRU,3967,8,,29.38,2019-06-20,171,MG,-0.05,
C01E,C01E8,NW,8,ACRU,3967,8,,29.46,2019-07-04,185,MG,,
C01E,C01E8,NW,8,ACRU,3967,8,,29.52,2019-07-18,199,MG,,
C01E,C01E8,NW,8,ACRU,3967,8,,29.64,2019-08-04,216,MG,,
C01W,C01W2,NE,2,ACRU,3945,1,,50.38,2019-05-22,142,MG,,
C01W,C01W2,NE,2,ACRU,3945,1,,49.34,2019-06-04,155,MG,-1.04,
C01W,C01W2,NE,2,ACRU,3945,1,,49.04,2019-06-20,171,MG,-0.3,
C01W,C01W2,NE,2,ACRU,3945,1,,49.61,2019-07-04,185,MG,,
C01W,C01W2,NE,2,ACRU,3945,1,,50.89,2019-07-18,199,MG,,
C01W,C01W2,NE,2,ACRU,3945,1,,50.04,2019-08-04,216,MG,,
C01W,C01W2,NE,2,PIST,3946,2,,25.2,2019-05-22,142,MG,,
C01W,C01W2,NE,2,PIST,3946,2,,26.21,2019-06-04,155,MG,1.01,
C01W,C01W2,NE,2,PIST,3946,2,,26.48,2019-06-20,171,MG,0.27,
C01W,C01W2,NE,2,PIST,3946,2,,26.44,2019-07-04,185,MG,,
C01W,C01W2,NE,2,PIST,3946,2,,27.02,2019-07-18,199,MG,,
C01W,C01W2,NE,2,PIST,3946,2,,26.28,2019-08-04,216,MG,,
C01W,C01W4,SE,4,PIST,875,3,,30.21,2019-05-22,142,MG,,
C01W,C01W4,SE,4,PIST,875,3,,29.85,2019-06-04,155,MG,-0.36,
C01W,C01W4,SE,4,PIST,875,3,,29.77,2019-06-20,171,MG,-0.08,
C01W,C01W4,SE,4,PIST,875,3,,29.74,2019-07-04,185,MG,,
C01W,C01W4,SE,4,PIST,875,3,,30.02,2019-07-18,199,MG,,
C01W,C01W4,SE,4,PIST,875,3,,29.57,2019-08-04,216,MG,,
C01W,C01W4,SE,4,PIST,876,4,,24.01,2019-05-22,142,MG,,
C01W,C01W4,SE,4,PIST,876,4,,24.5,2019-06-04,155,MG,0.49,
C01W,C01W4,SE,4,PIST,876,4,,24.4,2019-06-20,171,MG,-0.1,
C01W,C01W4,SE,4,PIST,876,4,,24.76,2019-07-04,185,MG,,
C01W,C01W4,SE,4,PIST,876,4,,25.56,2019-07-18,199,MG,,
C01W,C01W4,SE,4,PIST,876,4,,25.31,2019-08-04,216,MG,,
C01W,C01W6,SW,6,PIST,3952,5,,12.04,2019-05-31,151,MG,,
C01W,C01W6,SW,6,PIST,3952,5,,11.99,2019-06-04,155,MG,-0.05,
C01W,C01W6,SW,6,PIST,3952,5,,12.3,2019-06-20,171,MG,0.31,
C01W,C01W6,SW,6,PIST,3952,5,,12.7,2019-07-04,185,MG,,
C01W,C01W6,SW,6,PIST,3952,5,,12.79,2019-07-18,199,MG,,
C01W,C01W6,SW,6,PIST,3952,5,,13.13,2019-08-04,216,MG,,
C01W,C01W6,SW,6,PIST,848,6,,13.27,2019-05-22,142,MG,,
C01W,C01W6,SW,6,PIST,848,6,,12.48,2019-06-04,155,MG,-0.79,
C01W,C01W6,SW,6,PIST,848,6,,15.55,2019-06-20,171,MG,3.07,
C01W,C01W6,SW,6,PIST,848,6,,12.91,2019-07-04,185,MG,,
C01W,C01W6,SW,6,PIST,848,6,,13.25,2019-07-18,199,MG,,
C01W,C01W6,SW,6,PIST,848,6,,13.45,2019-08-04,216,MG,,
C01W,C01W8,NW,8,PIST,3956,7,,23.14,2019-05-22,142,MG,,
C01W,C01W8,NW,8,PIST,3956,7,,23.35,2019-06-04,155,MG,0.21,
C01W,C01W8,NW,8,PIST,3956,7,,24.09,2019-06-20,171,MG,0.74,missing flag
C01W,C01W8,NW,8,PIST,3956,7,,24.4,2019-07-04,185,MG,,
C01W,C01W8,NW,8,PIST,3956,7,,24.81,2019-07-18,199,MG,,
C01W,C01W8,NW,8,PIST,3956,7,,25.08,2019-08-04,216,MG,,
C01W,C01W8,NW,8,QURU,3957,8,,33.88,2019-05-22,142,MG,,
C01W,C01W8,NW,8,QURU,3957,8,,33.16,2019-06-04,155,MG,-0.72,near NW pole of quadrat
C01W,C01W8,NW,8,QURU,3957,8,,33.23,2019-06-20,171,MG,0.07,missing flag
C01W,C01W8,NW,8,QURU,3957,8,,33.23,2019-07-04,185,MG,,
C01W,C01W8,NW,8,QURU,3957,8,,33.56,2019-07-18,199,MG,,
C01W,C01W8,NW,8,QURU,3957,8,,33.86,2019-08-04,216,MG,,
C02E,C02E2,NE,2,ACRU,3983,1,,65.28,2019-05-22,142,MG,,
C02E,C02E2,NE,2,ACRU,3983,1,,67.38,2019-06-04,155,AS,2.1,
C02E,C02E2,NE,2,ACRU,3983,1,,65.69,2019-06-20,171,MG,-1.69,
C02E,C02E2,NE,2,ACRU,3983,1,,67.08,2019-07-04,185,MG,,
C02E,C02E2,NE,2,ACRU,3983,1,,66.54,2019-07-18,199,MG,,
C02E,C02E2,NE,2,ACRU,3983,1,,66.56,2019-08-04,216,MG,,
C02E,C02E2,NE,2,ACPE,3984,2,,73.33,2019-05-22,142,MG,,
C02E,C02E2,NE,2,ACPE,3984,2,,72.61,2019-06-04,155,AS,-0.72,
C02E,C02E2,NE,2,ACPE,3984,2,,73.94,2019-06-20,171,MG,1.33,
C02E,C02E2,NE,2,ACPE,3984,2,,74.57,2019-07-04,185,MG,,
C02E,C02E2,NE,2,ACPE,3984,2,,74.69,2019-07-18,199,MG,,
C02E,C02E2,NE,2,ACPE,3984,2,,74.74,2019-08-04,216,MG,,
C02E,C02E4,SE,4,ACPE,3986,3,,13.24,2019-05-31,151,MG,,
C02E,C02E4,SE,4,ACPE,3986,3,,12.64,2019-06-04,155,AS,-0.6,
C02E,C02E4,SE,4,ACPE,3986,3,,13.11,2019-06-20,171,MG,0.47,
C02E,C02E4,SE,4,ACPE,3986,3,,12.8,2019-07-04,185,MG,,
C02E,C02E4,SE,4,ACPE,3986,3,,12.88,2019-07-18,199,MG,,
C02E,C02E4,SE,4,ACPE,3986,3,,12.96,2019-08-04,216,MG,,
C02E,C02E4,SE,4,PIST,3987,4,,23.18,2019-05-22,142,MG,,
C02E,C02E4,SE,4,PIST,3987,4,,24.63,2019-06-04,155,AS,1.45,
C02E,C02E4,SE,4,PIST,3987,4,,24.77,2019-06-20,171,MG,0.14,
C02E,C02E4,SE,4,PIST,3987,4,,24.87,2019-07-04,185,MG,,
C02E,C02E4,SE,4,PIST,3987,4,,25.01,2019-07-18,199,MG,,
C02E,C02E4,SE,4,PIST,3987,4,,25.12,2019-08-04,216,MG,,
C02E,C02E6,SW,6,PIST,1101,5,,19.75,2019-05-22,142,MG,,
C02E,C02E6,SW,6,PIST,1101,5,,19.76,2019-06-04,155,AS,0.01,
C02E,C02E6,SW,6,PIST,1101,5,,20.15,2019-06-20,171,MG,0.39,
C02E,C02E6,SW,6,PIST,1101,5,,20.42,2019-07-04,185,MG,,
C02E,C02E6,SW,6,PIST,1101,5,,20.69,2019-07-18,199,MG,,
C02E,C02E6,SW,6,PIST,1101,5,,20.73,2019-08-04,216,MG,,
C02E,C02E6,SW,6,PIST,1102,6,,19.18,2019-05-22,142,MG,,
C02E,C02E6,SW,6,PIST,1102,6,,19.33,2019-06-04,155,AS,0.15,
C02E,C02E6,SW,6,PIST,1102,6,,19.21,2019-06-20,171,MG,-0.12,
C02E,C02E6,SW,6,PIST,1102,6,,19.56,2019-07-04,185,MG,,
C02E,C02E6,SW,6,PIST,1102,6,,19.82,2019-07-18,199,MG,,
C02E,C02E6,SW,6,PIST,1102,6,,19.91,2019-08-04,216,MG,,
C02E,C02E8,NW,8,ACPE,3991,7,,27.77,2019-05-22,142,MG,,
C02E,C02E8,NW,8,ACPE,3991,7,,27.57,2019-06-04,155,AS,-0.2,
C02E,C02E8,NW,8,ACPE,3991,7,,27.64,2019-06-20,171,MG,0.07,
C02E,C02E8,NW,8,ACPE,3991,7,,28.56,2019-07-04,185,MG,,
C02E,C02E8,NW,8,ACPE,3991,7,,28.6,2019-07-18,199,MG,,
C02E,C02E8,NW,8,ACPE,3991,7,,28.49,2019-08-04,216,MG,,
C02E,C02E8,NW,8,PIST,3994,8,,12.66,2019-05-22,142,MG,,
C02E,C02E8,NW,8,PIST,3994,8,,12.3,2019-06-04,155,AS,-0.36,
C02E,C02E8,NW,8,PIST,3994,8,,12.31,2019-06-20,171,MG,0.01,
C02E,C02E8,NW,8,PIST,3994,8,,12.69,2019-07-04,185,MG,,
C02E,C02E8,NW,8,PIST,3994,8,,12.66,2019-07-18,199,MG,,
C02E,C02E8,NW,8,PIST,3994,8,,12.54,2019-08-04,216,MG,,
C02W,C02W2,NE,2,AMEL,3971,1,,23,2019-05-31,151,MG,,
C02W,C02W2,NE,2,AMEL,3971,1,,23.04,2019-06-04,155,MG,0.04,
C02W,C02W2,NE,2,AMEL,3971,1,,22.93,2019-06-20,171,MG,-0.11,
C02W,C02W2,NE,2,AMEL,3971,1,,22.87,2019-07-04,185,MG,,
C02W,C02W2,NE,2,AMEL,3971,1,,23.39,2019-07-18,199,MG,,
C02W,C02W2,NE,2,AMEL,3971,1,,23.11,2019-08-04,216,MG,,
C02W,C02W2,NE,2,ACPE,3972,2,,51.16,2019-05-22,142,MG,,
C02W,C02W2,NE,2,ACPE,3972,2,,50.75,2019-06-04,155,MG,-0.41,
C02W,C02W2,NE,2,ACPE,3972,2,,51.06,2019-06-20,171,MG,0.31,
C02W,C02W2,NE,2,ACPE,3972,2,,52.2,2019-07-04,185,MG,,
C02W,C02W2,NE,2,ACPE,3972,2,,52.14,2019-07-18,199,MG,,
C02W,C02W2,NE,2,ACPE,3972,2,,52.56,2019-08-04,216,MG,,
C02W,C02W4,SE,4,PIST,3975,3,,22.08,2019-05-31,151,MG,,
C02W,C02W4,SE,4,PIST,3975,3,,22.4,2019-06-04,155,MG,0.32,
C02W,C02W4,SE,4,PIST,3975,3,,22.68,2019-06-20,171,MG,0.28,
C02W,C02W4,SE,4,PIST,3975,3,,22.56,2019-07-04,185,MG,,
C02W,C02W4,SE,4,PIST,3975,3,,23.02,2019-07-18,199,MG,,
C02W,C02W4,SE,4,PIST,3975,3,,22.94,2019-08-04,216,MG,,
C02W,C02W4,SE,4,FAGR,3973,4,,40.44,2019-05-22,142,MG,,
C02W,C02W4,SE,4,FAGR,3973,4,,41.91,2019-06-04,155,MG,1.47,
C02W,C02W4,SE,4,FAGR,3973,4,,40.61,2019-06-20,171,MG,-1.3,
C02W,C02W4,SE,4,FAGR,3973,4,,42.95,2019-07-04,185,MG,,
C02W,C02W4,SE,4,FAGR,3973,4,,41.18,2019-07-18,199,MG,,
C02W,C02W4,SE,4,FAGR,3973,4,,41.09,2019-08-04,216,MG,,
C02W,C02W6,SW,6,ACRU,931,5,,14.76,2019-05-22,142,MG,,
C02W,C02W6,SW,6,ACRU,931,5,,15.12,2019-06-04,155,MG,0.36,
C02W,C02W6,SW,6,ACRU,931,5,,15.02,2019-06-20,171,MG,-0.1,
C02W,C02W6,SW,6,ACRU,931,5,,15.28,2019-07-04,185,MG,,
C02W,C02W6,SW,6,ACRU,931,5,,15.27,2019-07-18,199,MG,,
C02W,C02W6,SW,6,ACRU,931,5,,15.49,2019-08-04,216,MG,,
C02W,C02W6,SW,6,ACPE,934,6,,10.61,2019-05-22,142,MG,,
C02W,C02W6,SW,6,ACPE,934,6,,10.2,2019-06-04,155,MG,-0.41,
C02W,C02W6,SW,6,ACPE,934,6,,9.26,2019-06-20,171,MG,-0.94,
C02W,C02W6,SW,6,ACPE,934,6,,10.67,2019-07-04,185,MG,,
C02W,C02W6,SW,6,ACPE,934,6,,11.34,2019-07-18,199,MG,,
C02W,C02W6,SW,6,ACPE,934,6,,11.94,2019-08-04,216,MG,,
C02W,C02W8,NW,8,ACRU,901,7,,55.05,2019-05-22,142,MG,,
C02W,C02W8,NW,8,ACRU,901,7,,54.85,2019-06-04,155,MG,-0.2,
C02W,C02W8,NW,8,ACRU,901,7,,54.66,2019-06-20,171,MG,-0.19,
C02W,C02W8,NW,8,ACRU,901,7,,54.74,2019-07-04,185,MG,,
C02W,C02W8,NW,8,ACRU,901,7,,55.35,2019-07-18,199,MG,,
C02W,C02W8,NW,8,ACRU,901,7,,54.93,2019-08-04,216,MG,,
C02W,C02W8,NW,8,FAGR,3978,8,,27.1,2019-05-22,142,MG,,
C02W,C02W8,NW,8,FAGR,3978,8,,26.04,2019-06-04,155,MG,-1.06,
C02W,C02W8,NW,8,FAGR,3978,8,,26.16,2019-06-20,171,MG,0.12,missing flag
C02W,C02W8,NW,8,FAGR,3978,8,,27.17,2019-07-04,185,MG,,
C02W,C02W8,NW,8,FAGR,3978,8,,27.64,2019-07-18,199,MG,,
C02W,C02W8,NW,8,FAGR,3978,8,,27.62,2019-08-04,216,MG,,
C03E,C03E2,NE,2,ACPE,1272,1,,23.03,2019-05-22,142,MG,,
C03E,C03E2,NE,2,ACPE,1272,1,,NA,2019-06-04,155,MG,5.41,
C03E,C03E2,NE,2,ACPE,1272,1,,24.04,2019-06-20,171,MG,-4.4,
C03E,C03E2,NE,2,ACPE,1272,1,,24.74,2019-07-04,185,MG,,
C03E,C03E2,NE,2,ACPE,1272,1,,25,2019-07-18,199,MG,,
C03E,C03E2,NE,2,ACPE,1272,1,,25.22,2019-08-04,216,MG,,
C03E,C03E2,NE,2,ACPE,1273,2,,27.35,2019-05-22,142,MG,,
C03E,C03E2,NE,2,ACPE,1273,2,,NA,2019-06-04,155,MG,5.43,
C03E,C03E2,NE,2,ACPE,1273,2,,28.24,2019-06-20,171,MG,-4.54,
C03E,C03E2,NE,2,ACPE,1273,2,,28.53,2019-07-04,185,MG,,
C03E,C03E2,NE,2,ACPE,1273,2,,29.08,2019-07-18,199,MG,,
C03E,C03E2,NE,2,ACPE,1273,2,,29.37,2019-08-04,216,MG,,
C03E,C03E2,NE,2,ACPE,1274,3,,15.61,2019-05-22,142,MG,,
C03E,C03E2,NE,2,ACPE,1274,3,,NA,2019-06-04,155,MG,5.15,
C03E,C03E2,NE,2,ACPE,1274,3,,15.73,2019-06-20,171,MG,-5.03,
C03E,C03E2,NE,2,ACPE,1274,3,,15.43,2019-07-04,185,MG,,
C03E,C03E2,NE,2,ACPE,1274,3,,15.93,2019-07-18,199,MG,,
C03E,C03E2,NE,2,ACPE,1274,3,,15.81,2019-08-04,216,MG,,
C03E,C03E4,SE,4,PIST,3180,4,,42.93,2019-05-31,151,MG,,
C03E,C03E4,SE,4,PIST,3180,4,,48.48,2019-06-04,155,MG,5.55,
C03E,C03E4,SE,4,PIST,3180,4,,43.51,2019-06-20,171,MG,-4.97,
C03E,C03E4,SE,4,PIST,3180,4,,43.58,2019-07-04,185,MG,,
C03E,C03E4,SE,4,PIST,3180,4,,44.08,2019-07-18,199,MG,,
C03E,C03E4,SE,4,PIST,3180,4,,44.16,2019-08-04,216,MG,,
C03E,C03E4,SE,4,FAGR,1306,5,,38.55,2019-05-22,142,MG,,
C03E,C03E4,SE,4,FAGR,1306,5,,NA,2019-06-04,155,MG,5.32,
C03E,C03E4,SE,4,FAGR,1306,5,,39.24,2019-06-20,171,MG,-4.63,
C03E,C03E4,SE,4,FAGR,1306,5,,38.42,2019-07-04,185,MG,,
C03E,C03E4,SE,4,FAGR,1306,5,,39.09,2019-07-18,199,MG,,
C03E,C03E4,SE,4,FAGR,1306,5,,39.02,2019-08-04,216,MG,,
C03E,C03E6,SW,6,PIST,1332,6,,15.23,2019-05-22,142,MG,,
C03E,C03E6,SW,6,PIST,1332,6,,15.02,2019-06-04,155,MG,-0.21,
C03E,C03E6,SW,6,PIST,1332,6,,15.28,2019-06-20,171,MG,0.26,
C03E,C03E6,SW,6,PIST,1332,6,,15.1,2019-07-04,185,MG,,
C03E,C03E6,SW,6,PIST,1332,6,,15.53,2019-07-18,199,MG,,
C03E,C03E6,SW,6,PIST,1332,6,,15.46,2019-08-04,216,MG,,
C03E,C03E6,SW,6,PIST,1333,7,,28.29,2019-05-22,142,MG,,
C03E,C03E6,SW,6,PIST,1333,7,,28.07,2019-06-04,155,MG,-0.22,
C03E,C03E6,SW,6,PIST,1333,7,,28.31,2019-06-20,171,MG,0.24,
C03E,C03E6,SW,6,PIST,1333,7,,28.12,2019-07-04,185,MG,,
C03E,C03E6,SW,6,PIST,1333,7,,28.6,2019-07-18,199,MG,,
C03E,C03E6,SW,6,PIST,1333,7,,28.58,2019-08-04,216,MG,,
C03E,C03E8,NW,8,ACPE,3184,8,,16.49,2019-05-22,142,MG,,
C03E,C03E8,NW,8,ACPE,3184,8,,16.45,2019-06-04,155,MG,-0.04,
C03E,C03E8,NW,8,ACPE,3184,8,,17,2019-06-20,171,MG,0.55,
C03E,C03E8,NW,8,ACPE,3184,8,,17.42,2019-07-04,185,MG,,
C03E,C03E8,NW,8,ACPE,3184,8,,18.13,2019-07-18,199,MG,,
C03E,C03E8,NW,8,ACPE,3184,8,,18.77,2019-08-04,216,MG,,
C03E,C03E8,NW,8,ACPE,3185,9,,14.19,2019-05-22,142,MG,,
C03E,C03E8,NW,8,ACPE,3185,9,,13.77,2019-06-04,155,MG,-0.42,
C03E,C03E8,NW,8,ACPE,3185,9,,13.73,2019-06-20,171,MG,-0.04,
C03E,C03E8,NW,8,ACPE,3185,9,,13.96,2019-07-04,185,MG,,
C03E,C03E8,NW,8,ACPE,3185,9,,14.82,2019-07-18,199,MG,,
C03E,C03E8,NW,8,ACPE,3185,9,,14.63,2019-08-04,216,MG,,
C03W,C03W2,NE,2,PIST,1166,1,,70.19,2019-05-22,142,MG,,
C03W,C03W2,NE,2,PIST,1166,1,,NA,2019-06-04,155,MG,-70.19,was entered as 7.88
C03W,C03W2,NE,2,PIST,1166,1,,72.31,2019-06-20,171,MG,72.31,almost dead
C03W,C03W2,NE,2,PIST,1166,1,,73.62,2019-07-04,185,MG,,
C03W,C03W2,NE,2,PIST,1166,1,,72.6,2019-07-18,199,MG,,
C03W,C03W2,NE,2,PIST,1166,1,,73,2019-08-04,216,MG,,
C03W,C03W2,NE,2,ACPE,3166,2,,16.62,2019-05-22,142,MG,,
C03W,C03W2,NE,2,ACPE,3166,2,,16.51,2019-06-04,155,MG,-0.11,
C03W,C03W2,NE,2,ACPE,3166,2,,16.43,2019-06-20,171,MG,-0.08,
C03W,C03W2,NE,2,ACPE,3166,2,,16.54,2019-07-04,185,MG,,
C03W,C03W2,NE,2,ACPE,3166,2,,16.99,2019-07-18,199,MG,,
C03W,C03W2,NE,2,ACPE,3166,2,,16.86,2019-08-04,216,MG,,
C03W,C03W4,SE,4,FAGR,1198,3,,76.24,2019-05-22,142,MG,,
C03W,C03W4,SE,4,FAGR,1198,3,,75.74,2019-06-04,155,MG,-0.5,
C03W,C03W4,SE,4,FAGR,1198,3,,75.82,2019-06-20,171,MG,0.08,
C03W,C03W4,SE,4,FAGR,1198,3,,78.91,2019-07-04,185,MG,,
C03W,C03W4,SE,4,FAGR,1198,3,,79.5,2019-07-18,199,MG,,
C03W,C03W4,SE,4,FAGR,1198,3,,79.15,2019-08-04,216,MG,,
C03W,C03W4,SE,4,ACPE,3169,4,,11.91,2019-05-22,142,MG,,
C03W,C03W4,SE,4,ACPE,3169,4,,11.95,2019-06-04,155,MG,0.04,
C03W,C03W4,SE,4,ACPE,3169,4,,11.99,2019-06-20,171,MG,0.04,
C03W,C03W4,SE,4,ACPE,3169,4,,11.77,2019-07-04,185,MG,,
C03W,C03W4,SE,4,ACPE,3169,4,,12.06,2019-07-18,199,MG,,
C03W,C03W4,SE,4,ACPE,3169,4,,12.04,2019-08-04,216,MG,,
C03W,C03W6,SW,6,ACPE,3173,5,,18.25,2019-05-31,151,MG,,
C03W,C03W6,SW,6,ACPE,3173,5,,16.92,2019-06-04,155,MG,-1.33,
C03W,C03W6,SW,6,ACPE,3173,5,,18.57,2019-06-20,171,MG,1.65,
C03W,C03W6,SW,6,ACPE,3173,5,,18.68,2019-07-04,185,MG,,
C03W,C03W6,SW,6,ACPE,3173,5,,19.5,2019-07-18,199,MG,,
C03W,C03W6,SW,6,ACPE,3173,5,,19.51,2019-08-04,216,MG,,
C03W,C03W6,SW,6,ACPE,3177,6,,69.65,2019-05-22,142,MG,,
C03W,C03W6,SW,6,ACPE,3177,6,,69.91,2019-06-04,155,MG,0.26,
C03W,C03W6,SW,6,ACPE,3177,6,,70.2,2019-06-20,171,MG,0.29,
C03W,C03W6,SW,6,ACPE,3177,6,,69.82,2019-07-04,185,MG,small measure,
C03W,C03W6,SW,6,ACPE,3177,6,,70.9,2019-07-18,199,MG,,
C03W,C03W6,SW,6,ACPE,3177,6,,71.34,2019-08-04,216,MG,,
C03W,C03W8,NW,8,ACPE,3178,7,,14.15,2019-05-31,151,MG,,
C03W,C03W8,NW,8,ACPE,3178,7,,14.56,2019-06-04,155,MG,0.41,
C03W,C03W8,NW,8,ACPE,3178,7,,15.2,2019-06-20,171,MG,0.64,
C03W,C03W8,NW,8,ACPE,3178,7,,15.52,2019-07-04,185,MG,,
C03W,C03W8,NW,8,ACPE,3178,7,,16.26,2019-07-18,199,MG,,
C03W,C03W8,NW,8,ACPE,3178,7,,16.38,2019-08-04,216,MG,,
C03W,C03W8,NW,8,FAGR,3174,8,,63.47,2019-05-22,142,MG,,
C03W,C03W8,NW,8,FAGR,3174,8,,64.01,2019-06-04,155,MG,0.54,
C03W,C03W8,NW,8,FAGR,3174,8,,65.14,2019-06-20,171,MG,1.13,
C03W,C03W8,NW,8,FAGR,3174,8,,65.96,2019-07-04,185,MG,,
C03W,C03W8,NW,8,FAGR,3174,8,,66.85,2019-07-18,199,MG,,
C03W,C03W8,NW,8,FAGR,3174,8,,65.6,2019-08-04,216,MG,,
C04E,C04E2,NE,2,ACPE,3329,1,,10.93,2019-05-22,142,MG,,
C04E,C04E2,NE,2,ACPE,3329,1,,10.01,2019-06-04,155,MG,-0.92,
C04E,C04E2,NE,2,ACPE,3329,1,,10.44,2019-06-20,171,MG,0.43,
C04E,C04E2,NE,2,ACPE,3329,1,,10.39,2019-07-04,185,MG,,
C04E,C04E2,NE,2,ACPE,3329,1,,10.5,2019-07-18,199,MG,,
C04E,C04E2,NE,2,ACPE,3329,1,,10.81,2019-08-04,216,MG,,
C04E,C04E2,NE,2,PIST,3332,2,,14.91,2019-05-22,142,MG,,
C04E,C04E2,NE,2,PIST,3332,2,,15.12,2019-06-04,155,MG,0.21,
C04E,C04E2,NE,2,PIST,3332,2,,15.26,2019-06-20,171,MG,0.14,
C04E,C04E2,NE,2,PIST,3332,2,,15.77,2019-07-04,185,MG,,
C04E,C04E2,NE,2,PIST,3332,2,,16.32,2019-07-18,199,MG,,
C04E,C04E2,NE,2,PIST,3332,2,,16.65,2019-08-04,216,MG,,
C04E,C04E4,SE,4,ACRU,3336,3,,60.92,2019-05-22,142,MG,,
C04E,C04E4,SE,4,ACRU,3336,3,,61.01,2019-06-04,155,MG,0.09,
C04E,C04E4,SE,4,ACRU,3336,3,,60.94,2019-06-20,171,MG,-0.07,
C04E,C04E4,SE,4,ACRU,3336,3,,61.11,2019-07-04,185,MG,,
C04E,C04E4,SE,4,ACRU,3336,3,,61.3,2019-07-18,199,MG,,
C04E,C04E4,SE,4,ACRU,3336,3,,61.03,2019-08-04,216,MG,,
C04E,C04E4,SE,4,PIST,3337,4,,22.99,2019-05-22,142,MG,,
C04E,C04E4,SE,4,PIST,3337,4,,23.1,2019-06-04,155,MG,0.11,
C04E,C04E4,SE,4,PIST,3337,4,,23.53,2019-06-20,171,MG,0.43,
C04E,C04E4,SE,4,PIST,3337,4,,23.96,2019-07-04,185,MG,,
C04E,C04E4,SE,4,PIST,3337,4,,24.18,2019-07-18,199,MG,,
C04E,C04E4,SE,4,PIST,3337,4,,23.77,2019-08-04,216,MG,,
C04E,C04E6,SW,6,PIST,1515,5,,14.55,2019-05-22,142,MG,,
C04E,C04E6,SW,6,PIST,1515,5,,13.74,2019-06-04,155,MG,-0.81,
C04E,C04E6,SW,6,PIST,1515,5,,13.67,2019-06-20,171,MG,-0.07,
C04E,C04E6,SW,6,PIST,1515,5,,13.97,2019-07-04,185,MG,,
C04E,C04E6,SW,6,PIST,1515,5,,14.08,2019-07-18,199,MG,,
C04E,C04E6,SW,6,PIST,1515,5,,14.07,2019-08-04,216,MG,,
C04E,C04E6,SW,6,PIST,3341,6,,18.34,2019-05-22,142,MG,,
C04E,C04E6,SW,6,PIST,3341,6,,11.59,2019-06-04,155,MG,-6.75,
C04E,C04E6,SW,6,PIST,3341,6,,17.44,2019-06-20,171,MG,5.85,
C04E,C04E6,SW,6,PIST,3341,6,,18.03,2019-07-04,185,MG,,
C04E,C04E6,SW,6,PIST,3341,6,,18.58,2019-07-18,199,MG,,
C04E,C04E6,SW,6,PIST,3341,6,,18.51,2019-08-04,216,MG,,
C04E,C04E8,NW,8,PIST,3345,7,,25.03,2019-05-22,142,MG,,
C04E,C04E8,NW,8,PIST,3345,7,,24.92,2019-06-04,155,MG,-0.11,
C04E,C04E8,NW,8,PIST,3345,7,,24.9,2019-06-20,171,MG,-0.02,
C04E,C04E8,NW,8,PIST,3345,7,,25.27,2019-07-04,185,MG,,
C04E,C04E8,NW,8,PIST,3345,7,,25.89,2019-07-18,199,MG,,
C04E,C04E8,NW,8,PIST,3345,7,,25.77,2019-08-04,216,MG,,
C04E,C04E8,NW,8,PIST,3346,8,,11.05,2019-05-31,151,MG,,
C04E,C04E8,NW,8,PIST,3346,8,,11.46,2019-06-04,155,MG,0.41,
C04E,C04E8,NW,8,PIST,3346,8,,11.49,2019-06-20,171,MG,0.03,
C04E,C04E8,NW,8,PIST,3346,8,,12.06,2019-07-04,185,MG,,
C04E,C04E8,NW,8,PIST,3346,8,,12.52,2019-07-18,199,MG,,
C04E,C04E8,NW,8,PIST,3346,8,,12.74,2019-08-04,216,MG,,
C04W,C04W2,NE,2,ACRU,3312,1,,60.6,2019-05-31,151,MG,,
C04W,C04W2,NE,2,ACRU,3312,1,,59.92,2019-06-04,155,MG,-0.68,
C04W,C04W2,NE,2,ACRU,3312,1,,59.88,2019-06-20,171,MG,-0.04,
C04W,C04W2,NE,2,ACRU,3312,1,,60.55,2019-07-04,185,MG,,
C04W,C04W2,NE,2,ACRU,3312,1,,60.52,2019-07-18,199,MG,,
C04W,C04W2,NE,2,ACRU,3312,1,,60.6,2019-08-04,216,MG,,
C04W,C04W2,NE,2,PIST,3315,2,,14.43,2019-05-22,142,MG,,
C04W,C04W2,NE,2,PIST,3315,2,,12.97,2019-06-04,155,MG,-1.46,
C04W,C04W2,NE,2,PIST,3315,2,,13.22,2019-06-20,171,MG,0.25,
C04W,C04W2,NE,2,PIST,3315,2,,13.49,2019-07-04,185,MG,,
C04W,C04W2,NE,2,PIST,3315,2,,13.63,2019-07-18,199,MG,,
C04W,C04W2,NE,2,PIST,3315,2,,13.51,2019-08-04,216,MG,,
C04W,C04W4,SE,4,FAGR,3319,3,,43.39,2019-05-31,151,MG,,
C04W,C04W4,SE,4,FAGR,3319,3,,43.38,2019-06-04,155,MG,-0.01,
C04W,C04W4,SE,4,FAGR,3319,3,,43.82,2019-06-20,171,MG,0.44,
C04W,C04W4,SE,4,FAGR,3319,3,,44.2,2019-07-04,185,MG,,
C04W,C04W4,SE,4,FAGR,3319,3,,44.4,2019-07-18,199,MG,,
C04W,C04W4,SE,4,FAGR,3319,3,,44.71,2019-08-04,216,MG,,
C04W,C04W4,SE,4,FAGR,3320,4,,45.18,2019-05-31,151,MG,,
C04W,C04W4,SE,4,FAGR,3320,4,,46.14,2019-06-04,155,MG,0.96,
C04W,C04W4,SE,4,FAGR,3320,4,,44.51,2019-06-20,171,MG,-1.63,
C04W,C04W4,SE,4,FAGR,3320,4,,47.45,2019-07-04,185,MG,,
C04W,C04W4,SE,4,FAGR,3320,4,,47.41,2019-07-18,199,MG,,
C04W,C04W4,SE,4,FAGR,3320,4,,47.51,2019-08-04,216,MG,,
C04W,C04W6,SW,6,PIST,3324,5,,16.74,2019-05-22,142,MG,,
C04W,C04W6,SW,6,PIST,3324,5,,16.96,2019-06-04,155,MG,0.22,
C04W,C04W6,SW,6,PIST,3324,5,,16.78,2019-06-20,171,MG,-0.18,
C04W,C04W6,SW,6,PIST,3324,5,,17.51,2019-07-04,185,MG,,
C04W,C04W6,SW,6,PIST,3324,5,,17.85,2019-07-18,199,MG,,
C04W,C04W6,SW,6,PIST,3324,5,,17.79,2019-08-04,216,MG,,
C04W,C04W6,SW,6,PIST,3325,6,,11.52,2019-05-22,142,MG,,
C04W,C04W6,SW,6,PIST,3325,6,,11.4,2019-06-04,155,MG,-0.12,
C04W,C04W6,SW,6,PIST,3325,6,,11.53,2019-06-20,171,MG,0.13,
C04W,C04W6,SW,6,PIST,3325,6,,11.66,2019-07-04,185,MG,,
C04W,C04W6,SW,6,PIST,3325,6,,11.8,2019-07-18,199,MG,,
C04W,C04W6,SW,6,PIST,3325,6,,11.72,2019-08-04,216,MG,,
C04W,C04W8,NW,8,ACRU,1451,7,,28.61,2019-05-22,142,MG,,
C04W,C04W8,NW,8,ACRU,1451,7,,28.7,2019-06-04,155,MG,0.09,
C04W,C04W8,NW,8,ACRU,1451,7,,29.14,2019-06-20,171,MG,0.44,
C04W,C04W8,NW,8,ACRU,1451,7,,28.64,2019-07-04,185,MG,,
C04W,C04W8,NW,8,ACRU,1451,7,,29.44,2019-07-18,199,MG,,
C04W,C04W8,NW,8,ACRU,1451,7,,29.03,2019-08-04,216,MG,,
C04W,C04W8,NW,8,PIST,3328,8,,31.77,2019-05-22,142,MG,,
C04W,C04W8,NW,8,PIST,3328,8,,31.86,2019-06-04,155,MG,0.09,
C04W,C04W8,NW,8,PIST,3328,8,,30.56,2019-06-20,171,MG,-1.3,
C04W,C04W8,NW,8,PIST,3328,8,,30.87,2019-07-04,185,MG,,
C04W,C04W8,NW,8,PIST,3328,8,,31.47,2019-07-18,199,MG,,
C04W,C04W8,NW,8,PIST,3328,8,,31.24,2019-08-04,216,MG,,
D01E,D01E2,NE,2,ACRU,647,1,,68.14,2019-05-21,141,MG,,
D01E,D01E2,NE,2,ACRU,647,1,,66.93,2019-06-04,155,AS,-1.21,
D01E,D01E2,NE,2,ACRU,647,1,,67.37,2019-06-20,171,MG,0.44,
D01E,D01E2,NE,2,ACRU,647,1,,67.22,2019-07-04,185,MG,,
D01E,D01E2,NE,2,ACRU,647,1,,67.86,2019-07-18,199,MG,,
D01E,D01E2,NE,2,ACRU,647,1,,67.86,2019-08-04,216,MG,,
D01E,D01E2,NE,2,ACRU,648,2,,57.82,2019-05-21,141,MG,,
D01E,D01E2,NE,2,ACRU,648,2,,57.46,2019-06-04,155,AS,-0.36,
D01E,D01E2,NE,2,ACRU,648,2,,56.92,2019-06-20,171,MG,-0.54,
D01E,D01E2,NE,2,ACRU,648,2,,56.42,2019-07-04,185,MG,,
D01E,D01E2,NE,2,ACRU,648,2,,56.35,2019-07-18,199,MG,,
D01E,D01E2,NE,2,ACRU,648,2,,56.83,2019-08-04,216,MG,,
D01E,D01E2,NE,2,ACRU,649,3,,27.52,2019-05-21,141,MG,,
D01E,D01E2,NE,2,ACRU,649,3,,27.37,2019-06-04,155,AS,-0.15,
D01E,D01E2,NE,2,ACRU,649,3,,27.83,2019-06-20,171,MG,0.46,
D01E,D01E2,NE,2,ACRU,649,3,,27.9,2019-07-04,185,MG,,
D01E,D01E2,NE,2,ACRU,649,3,,27.81,2019-07-18,199,MG,,
D01E,D01E2,NE,2,ACRU,649,3,,27.59,2019-08-04,216,MG,,
D01E,D01E4,SE,4,FAGR,667,4,,66.8,2019-05-21,141,MG,,
D01E,D01E4,SE,4,FAGR,667,4,,68.47,2019-06-04,155,AS,1.67,
D01E,D01E4,SE,4,FAGR,667,4,,67.32,2019-06-20,171,MG,-1.15,
D01E,D01E4,SE,4,FAGR,667,4,,67.79,2019-07-04,185,MG,,
D01E,D01E4,SE,4,FAGR,667,4,,69.11,2019-07-18,199,MG,,
D01E,D01E4,SE,4,FAGR,667,4,,68.1,2019-08-04,216,MG,,
D01E,D01E4,SE,4,FAGR,668,5,,67.07,2019-05-21,141,MG,,
D01E,D01E4,SE,4,FAGR,668,5,,66.82,2019-06-04,155,AS,-0.25,
D01E,D01E4,SE,4,FAGR,668,5,,67.88,2019-06-20,171,MG,1.06,
D01E,D01E4,SE,4,FAGR,668,5,,67.52,2019-07-04,185,MG,,
D01E,D01E4,SE,4,FAGR,668,5,,68.6,2019-07-18,199,MG,,
D01E,D01E4,SE,4,FAGR,668,5,,68.48,2019-08-04,216,MG,,
D01E,D01E6,SW,6,PIST,689,6,,15.94,2019-05-21,141,MG,,
D01E,D01E6,SW,6,PIST,689,6,,15.5,2019-06-04,155,AS,-0.44,
D01E,D01E6,SW,6,PIST,689,6,,16.12,2019-06-20,171,MG,0.62,
D01E,D01E6,SW,6,PIST,689,6,,16.26,2019-07-04,185,MG,,
D01E,D01E6,SW,6,PIST,689,6,,16.16,2019-07-18,199,MG,,
D01E,D01E6,SW,6,PIST,689,6,,16.42,2019-08-04,216,MG,,
D01E,D01E6,SW,6,PIST,3215,7,PINK 01,20.05,2019-05-21,141,MG,,
D01E,D01E6,SW,6,PIST,3215,7,PINK 01,20.06,2019-06-04,155,AS,0.01,
D01E,D01E6,SW,6,PIST,3215,7,PINK 01,20.21,2019-06-20,171,MG,0.15,
D01E,D01E6,SW,6,PIST,3215,7,PINK 01,20.54,2019-07-04,185,MG,,
D01E,D01E6,SW,6,PIST,3215,7,PINK 01,20.67,2019-07-18,199,MG,,
D01E,D01E6,SW,6,PIST,3215,7,PINK 01,20.75,2019-08-04,216,MG,,
D01E,D01E8,NW,8,PIST,3218,8,PINK 01,12.92,2019-05-21,141,MG,,
D01E,D01E8,NW,8,PIST,3218,8,PINK 01,13.55,2019-06-04,155,AS,0.63,
D01E,D01E8,NW,8,PIST,3218,8,PINK 01,14.4,2019-06-20,171,MG,0.85,
D01E,D01E8,NW,8,PIST,3218,8,PINK 01,14.59,2019-07-04,185,MG,,
D01E,D01E8,NW,8,PIST,3218,8,PINK 01,15.29,2019-07-18,199,MG,,
D01E,D01E8,NW,8,PIST,3218,8,PINK 01,15.14,2019-08-04,216,MG,,
D01E,D01E8,NW,8,PIST,3219,9,PINK 02,36.7,2019-05-21,141,MG,,
D01E,D01E8,NW,8,PIST,3219,9,PINK 02,36.28,2019-06-04,155,AS,-0.42,
D01E,D01E8,NW,8,PIST,3219,9,PINK 02,73.32,2019-06-20,171,MG,37.04,
D01E,D01E8,NW,8,PIST,3219,9,PINK 02,37.62,2019-07-04,185,MG,,
D01E,D01E8,NW,8,PIST,3219,9,PINK 02,38.44,2019-07-18,199,MG,,
D01E,D01E8,NW,8,PIST,3219,9,PINK 02,38.45,2019-08-04,216,MG,,
D01W,D01W2,NE,2,PIRE,3222,1,,31.62,2019-05-31,151,MG,,
D01W,D01W2,NE,2,PIRE,3222,1,,31.03,2019-06-04,155,AS,-0.59,
D01W,D01W2,NE,2,PIRE,3222,1,,32.05,2019-06-20,171,MG,1.02,
D01W,D01W2,NE,2,PIRE,3222,1,,32.57,2019-07-04,185,MG,,
D01W,D01W2,NE,2,PIRE,3222,1,,33.01,2019-07-18,199,MG,,
D01W,D01W2,NE,2,PIRE,3222,1,,33.24,2019-08-04,216,MG,,
D01W,D01W2,NE,2,PIST,3223,2,PINK 02,41.06,2019-05-21,141,MG,,
D01W,D01W2,NE,2,PIST,3223,2,PINK 02,41.42,2019-06-04,155,AS,0.36,
D01W,D01W2,NE,2,PIST,3223,2,PINK 02,41.36,2019-06-20,171,MG,-0.06,
D01W,D01W2,NE,2,PIST,3223,2,PINK 02,42.23,2019-07-04,185,MG,,
D01W,D01W2,NE,2,PIST,3223,2,PINK 02,42.93,2019-07-18,199,MG,,
D01W,D01W2,NE,2,PIST,3223,2,PINK 02,43.02,2019-08-04,216,MG,,
D01W,D01W4,SE,4,PIST,625,3,ORAN 02,18.58,2019-05-21,141,MG,,
D01W,D01W4,SE,4,PIST,625,3,ORAN 02,18.18,2019-06-04,155,AS,-0.4,
D01W,D01W4,SE,4,PIST,625,3,ORAN 02,19.07,2019-06-20,171,MG,0.89,
D01W,D01W4,SE,4,PIST,625,3,ORAN 02,19.61,2019-07-04,185,MG,,
D01W,D01W4,SE,4,PIST,625,3,ORAN 02,19.7,2019-07-18,199,MG,,
D01W,D01W4,SE,4,PIST,625,3,ORAN 02,19.61,2019-08-04,216,MG,,
D01W,D01W4,SE,4,PIST,3224,4,ORAN 03,18.47,2019-05-21,141,MG,,
D01W,D01W4,SE,4,PIST,3224,4,ORAN 03,17.94,2019-06-04,155,AS,-0.53,
D01W,D01W4,SE,4,PIST,3224,4,ORAN 03,18.96,2019-06-20,171,MG,1.02,
D01W,D01W4,SE,4,PIST,3224,4,ORAN 03,18.88,2019-07-04,185,MG,,
D01W,D01W4,SE,4,PIST,3224,4,ORAN 03,19.03,2019-07-18,199,MG,,
D01W,D01W4,SE,4,PIST,3224,4,ORAN 03,19.44,2019-08-04,216,MG,,
D01W,D01W6,SW,6,PIST,3225,5,ORAN 04,36.22,2019-05-21,141,MG,,
D01W,D01W6,SW,6,PIST,3225,5,ORAN 04,35.24,2019-06-04,155,AS,-0.98,
D01W,D01W6,SW,6,PIST,3225,5,ORAN 04,36.22,2019-06-20,171,MG,0.98,
D01W,D01W6,SW,6,PIST,3225,5,ORAN 04,36.46,2019-07-04,185,MG,,
D01W,D01W6,SW,6,PIST,3225,5,ORAN 04,36.85,2019-07-18,199,MG,,
D01W,D01W6,SW,6,PIST,3225,5,ORAN 04,37.09,2019-08-04,216,MG,,
D01W,D01W6,SW,6,ACRU,3228,6,PINK 01,47.69,2019-05-21,141,MG,,
D01W,D01W6,SW,6,ACRU,3228,6,PINK 01,46.61,2019-06-04,155,AS,-1.08,
D01W,D01W6,SW,6,POGR,3228,6,PINK 01,46.79,2019-06-20,171,MG,0.18,was ACRU
D01W,D01W6,SW,6,POGR,3228,6,PINK 01,47.57,2019-07-04,185,MG,,
D01W,D01W6,SW,6,POGR,3228,6,PINK 01,47.43,2019-07-18,199,MG,,
D01W,D01W6,SW,6,POGR,3228,6,PINK 01,47.49,2019-08-04,216,MG,,
D01W,D01W8,NW,8,PIST,591,7,ORAN 07,72.23,2019-05-31,151,MG,,
D01W,D01W8,NW,8,PIST,591,7,ORAN 07,71.19,2019-06-04,155,AS,-1.04,
D01W,D01W8,NW,8,PIST,591,7,ORAN 07,73.3,2019-06-20,171,MG,2.11,
D01W,D01W8,NW,8,PIST,591,7,ORAN 07,73.85,2019-07-04,185,MG,,
D01W,D01W8,NW,8,PIST,591,7,ORAN 07,69.22,2019-07-18,199,MG,,
D01W,D01W8,NW,8,PIST,591,7,ORAN 07,74.56,2019-08-04,216,MG,,
D01W,D01W8,NW,8,PIST,3229,8,ORAN 08,34.92,2019-05-21,141,MG,,
D01W,D01W8,NW,8,PIST,3229,8,ORAN 08,34.79,2019-06-04,155,AS,-0.13,
D01W,D01W8,NW,8,PIST,3229,8,ORAN 08,34.47,2019-06-20,171,MG,-0.32,
D01W,D01W8,NW,8,PIST,3229,8,ORAN 08,34.98,2019-07-04,185,MG,,
D01W,D01W8,NW,8,PIST,3229,8,ORAN 08,35.19,2019-07-18,199,MG,,
D01W,D01W8,NW,8,PIST,3229,8,ORAN 08,32.27,2019-08-04,216,MG,,
D02E,D02E2,NE,2,ACRU,3283,1,PINK 01,14.76,2019-05-21,141,MG,,
D02E,D02E2,NE,2,ACRU,3283,1,PINK 01,14.88,2019-06-04,155,AS,0.12,
D02E,D02E2,NE,2,ACRU,3283,1,PINK 01,14.98,2019-06-20,171,MG,0.1,
D02E,D02E2,NE,2,ACRU,3283,1,PINK 01,15.27,2019-07-04,185,MG,,
D02E,D02E2,NE,2,ACRU,3283,1,PINK 01,16.35,2019-07-18,199,MG,,
D02E,D02E2,NE,2,ACRU,3283,1,PINK 01,16.57,2019-08-04,216,MG,,
D02E,D02E2,NE,2,PIST,3285,2,PINK 02,16.21,2019-05-21,141,MG,,
D02E,D02E2,NE,2,PIST,3285,2,PINK 02,15.72,2019-06-04,155,AS,-0.49,
D02E,D02E2,NE,2,PIST,3285,2,PINK 02,16.5,2019-06-20,171,MG,0.78,
D02E,D02E2,NE,2,PIST,3285,2,PINK 02,17.04,2019-07-04,185,MG,,
D02E,D02E2,NE,2,PIST,3285,2,PINK 02,17.55,2019-07-18,199,MG,,
D02E,D02E2,NE,2,PIST,3285,2,PINK 02,17.64,2019-08-04,216,MG,,
D02E,D02E4,SE,4,PIST,325,3,PINK 03,16.6,2019-05-21,141,MG,,
D02E,D02E4,SE,4,PIST,325,3,PINK 03,16.13,2019-06-04,155,AS,-0.47,
D02E,D02E4,SE,4,PIST,325,3,PINK 03,16.75,2019-06-20,171,MG,0.62,
D02E,D02E4,SE,4,PIST,325,3,PINK 03,17.11,2019-07-04,185,MG,,
D02E,D02E4,SE,4,PIST,325,3,PINK 03,17.28,2019-07-18,199,MG,,
D02E,D02E4,SE,4,PIST,325,3,PINK 03,17.33,2019-08-04,216,MG,,
D02E,D02E4,SE,4,ACRU,3287,4,,21.68,2019-05-31,151,MG,,
D02E,D02E4,SE,4,ACRU,3287,4,,21.53,2019-06-04,155,AS,-0.15,
D02E,D02E4,SE,4,ACRU,3287,4,,21.43,2019-06-20,171,MG,-0.1,
D02E,D02E4,SE,4,ACRU,3287,4,,21.33,2019-07-04,185,MG,,
D02E,D02E4,SE,4,ACRU,3287,4,,21.98,2019-07-18,199,MG,,
D02E,D02E4,SE,4,ACRU,3287,4,,22.02,2019-08-04,216,MG,,
D02E,D02E6,SW,6,PIST,3291,5,PINK 05,10.9,2019-05-21,141,MG,,
D02E,D02E6,SW,6,PIST,3291,5,PINK 05,10.25,2019-06-04,155,AS,-0.65,
D02E,D02E6,SW,6,PIST,3291,5,PINK 05,10.52,2019-06-20,171,MG,0.27,
D02E,D02E6,SW,6,PIST,3291,5,PINK 05,10.71,2019-07-04,185,MG,,
D02E,D02E6,SW,6,PIST,3291,5,PINK 05,10.78,2019-07-18,199,MG,,
D02E,D02E6,SW,6,PIST,3291,5,PINK 05,10.91,2019-08-04,216,MG,,
D02E,D02E6,SW,6,PIST,3292,6,,12.52,2019-05-31,151,MG,,
D02E,D02E6,SW,6,PIST,3292,6,,13.14,2019-06-04,155,AS,0.62,
D02E,D02E6,SW,6,PIST,3292,6,,32.21,2019-06-20,171,MG,19.07,
D02E,D02E6,SW,6,PIST,3292,6,,13.1,2019-07-04,185,MG,,
D02E,D02E6,SW,6,PIST,3292,6,,13.74,2019-07-18,199,MG,,
D02E,D02E6,SW,6,PIST,3292,6,,13.58,2019-08-04,216,MG,,
D02E,D02E8,NW,8,PIST,3296,7,,29.4,2019-05-31,151,MG,,
D02E,D02E8,NW,8,PIST,3296,7,,28.6,2019-06-04,155,AS,-0.8,
D02E,D02E8,NW,8,PIST,3296,7,,29.38,2019-06-20,171,MG,0.78,
D02E,D02E8,NW,8,PIST,3296,7,,29.54,2019-07-04,185,MG,,
D02E,D02E8,NW,8,PIST,3296,7,,30.2,2019-07-18,199,MG,,
D02E,D02E8,NW,8,PIST,3296,7,,30.34,2019-08-04,216,MG,,
D02E,D02E8,NW,8,ACRU,3293,8,PINK 08,15.91,2019-05-21,141,MG,,
D02E,D02E8,NW,8,ACRU,3293,8,PINK 08,15.67,2019-06-04,155,AS,-0.24,
D02E,D02E8,NW,8,ACRU,3293,8,PINK 08,16.04,2019-06-20,171,MG,0.37,
D02E,D02E8,NW,8,ACRU,3293,8,PINK 08,16.48,2019-07-04,185,MG,,
D02E,D02E8,NW,8,ACRU,3293,8,PINK 08,17.12,2019-07-18,199,MG,,
D02E,D02E8,NW,8,ACRU,3293,8,PINK 08,17.04,2019-08-04,216,MG,,
D02W,D02W2,NE,2,PIST,NA,1,,36.24,2019-05-21,141,MG,,
D02W,D02W2,NE,2,PIST,NA,1,,36.18,2019-06-04,155,AS,-0.06,
D02W,D02W2,NE,2,PIST,NA,1,,36.65,2019-06-20,171,MG,0.47,
D02W,D02W2,NE,2,PIST,NA,1,,37.26,2019-07-04,185,MG,,
D02W,D02W2,NE,2,PIST,3234,1,,37.77,2019-07-18,199,MG,,
D02W,D02W2,NE,2,PIST,3234,1,,37.91,2019-08-04,216,MG,,
D02W,D02W2,NE,2,PIST,NA,2,,29.97,2019-05-21,141,MG,,
D02W,D02W2,NE,2,PIST,NA,2,,29.74,2019-06-04,155,AS,-0.23,
D02W,D02W2,NE,2,PIST,NA,2,,30.61,2019-06-20,171,MG,0.87,
D02W,D02W2,NE,2,PIST,NA,2,,30.81,2019-07-04,185,MG,,
D02W,D02W2,NE,2,PIST,3235,2,,31.34,2019-07-18,199,MG,,
D02W,D02W2,NE,2,PIST,3235,2,,31.87,2019-08-04,216,MG,,
D02W,D02W4,SE,4,PIST,3238,3,,19.39,2019-05-21,141,MG,,
D02W,D02W4,SE,4,PIST,3238,3,,18.63,2019-06-04,155,AS,-0.76,
D02W,D02W4,SE,4,PIST,3238,3,,18.87,2019-06-20,171,MG,0.24,
D02W,D02W4,SE,4,PIST,3238,3,,18.96,2019-07-04,185,MG,,
D02W,D02W4,SE,4,PIST,3238,3,,19.35,2019-07-18,199,MG,,
D02W,D02W4,SE,4,PIST,3238,3,,19.15,2019-08-04,216,MG,,
D02W,D02W4,SE,4,FAGR,3236,4,,15.47,2019-05-21,141,MG,,
D02W,D02W4,SE,4,FAGR,3236,4,,15.51,2019-06-04,155,AS,0.04,
D02W,D02W4,SE,4,FAGR,3236,4,,15.55,2019-06-20,171,MG,0.04,
D02W,D02W4,SE,4,FAGR,3236,4,,15.93,2019-07-04,185,MG,,
D02W,D02W4,SE,4,FAGR,3236,4,,16.78,2019-07-18,199,MG,,
D02W,D02W4,SE,4,FAGR,3236,4,,16.78,2019-08-04,216,MG,,
D02W,D02W6,SW,6,PIST,259,5,,10.75,2019-05-21,141,MG,,
D02W,D02W6,SW,6,PIST,259,5,,10.7,2019-06-04,155,AS,-0.05,
D02W,D02W6,SW,6,PIST,259,5,,11.25,2019-06-20,171,MG,0.55,
D02W,D02W6,SW,6,PIST,259,5,,11.53,2019-07-04,185,MG,,
D02W,D02W6,SW,6,PIST,259,5,,11.86,2019-07-18,199,MG,,
D02W,D02W6,SW,6,PIST,259,5,,12.02,2019-08-04,216,MG,,
D02W,D02W6,SW,6,PIST,3241,6,,15.8,2019-05-31,151,MG,,
D02W,D02W6,SW,6,PIST,3241,6,,15.52,2019-06-04,155,AS,-0.28,
D02W,D02W6,SW,6,PIST,3241,6,,16.11,2019-06-20,171,MG,0.59,
D02W,D02W6,SW,6,PIST,3241,6,,16.49,2019-07-04,185,MG,,
D02W,D02W6,SW,6,PIST,3241,6,,16.71,2019-07-18,199,MG,,
D02W,D02W6,SW,6,PIST,3241,6,,16.81,2019-08-04,216,MG,,
D02W,D02W8,NW,8,PIST,277,7,,11.53,2019-05-21,141,MG,,
D02W,D02W8,NW,8,PIST,277,7,,11.42,2019-06-04,155,AS,-0.11,
D02W,D02W8,NW,8,PIST,277,7,,11.96,2019-06-20,171,MG,0.54,
D02W,D02W8,NW,8,PIST,277,7,,12.47,2019-07-04,185,MG,,
D02W,D02W8,NW,8,PIST,277,7,,12.7,2019-07-18,199,MG,,
D02W,D02W8,NW,8,PIST,277,7,,12.43,2019-08-04,216,MG,,
D02W,D02W8,NW,8,PIST,3244,8,,10.85,2019-05-21,141,MG,,
D02W,D02W8,NW,8,PIST,3244,8,,10.96,2019-06-04,155,AS,0.11,
D02W,D02W8,NW,8,PIST,3244,8,,10.95,2019-06-20,171,MG,-0.01,
D02W,D02W8,NW,8,PIST,3244,8,,11.31,2019-07-04,185,MG,,
D02W,D02W8,NW,8,PIST,3244,8,,11.49,2019-07-18,199,MG,,
D02W,D02W8,NW,8,PIST,3244,8,,11.45,2019-08-04,216,MG,,
D03E,D03E2,NE,2,ACRU,3200,1,,53.63,2019-05-31,151,MG,,
D03E,D03E2,NE,2,ACRU,3200,1,,53.43,2019-06-04,155,AS,-0.2,
D03E,D03E2,NE,2,ACRU,3200,1,,54.1,2019-06-20,171,MG,0.67,
D03E,D03E2,NE,2,ACRU,3200,1,,54.47,2019-07-04,185,MG,,
D03E,D03E2,NE,2,ACRU,3200,1,,55.27,2019-07-18,199,MG,,
D03E,D03E2,NE,2,ACRU,3200,1,,56.58,2019-08-04,216,MG,,
D03E,D03E2,NE,2,FAGR,390,2,,21.6,2019-05-21,141,MG,,
D03E,D03E2,NE,2,FAGR,390,2,,22.06,2019-06-04,155,AS,0.46,
D03E,D03E2,NE,2,FAGR,390,2,,22.95,2019-06-20,171,MG,0.89,
D03E,D03E2,NE,2,FAGR,390,2,,22.55,2019-07-04,185,MG,,
D03E,D03E2,NE,2,FAGR,390,2,,23.17,2019-07-18,199,MG,,
D03E,D03E2,NE,2,FAGR,390,2,,22.9,2019-08-04,216,MG,,
D03E,D03E4,SE,4,ACRU,3203,3,PINK 01,26.65,2019-05-21,141,MG,,
D03E,D03E4,SE,4,ACRU,3203,3,PINK 01,27.19,2019-06-04,155,AS,0.54,
D03E,D03E4,SE,4,ACRU,3203,3,PINK 01,27.57,2019-06-20,171,MG,0.38,
D03E,D03E4,SE,4,ACRU,3203,3,PINK 01,27.57,2019-07-04,185,MG,,
D03E,D03E4,SE,4,ACRU,3203,3,PINK 01,27.23,2019-07-18,199,MG,,
D03E,D03E4,SE,4,ACRU,3203,3,PINK 01,28.07,2019-08-04,216,MG,,
D03E,D03E4,SE,4,ACRU,3204,4,PINK 02,45.82,2019-05-21,141,MG,,
D03E,D03E4,SE,4,ACRU,3204,4,PINK 02,46.61,2019-06-04,155,AS,0.79,
D03E,D03E4,SE,4,ACRU,3204,4,PINK 02,44.87,2019-06-20,171,MG,-1.74,
D03E,D03E4,SE,4,ACRU,3204,4,PINK 02,44.95,2019-07-04,185,MG,,
D03E,D03E4,SE,4,ACRU,3204,4,PINK 02,45.05,2019-07-18,199,MG,,
D03E,D03E4,SE,4,ACRU,3204,4,PINK 02,45.98,2019-08-04,216,MG,,
D03E,D03E6,SW,6,PIST,3207,5,PINK 01,16.33,2019-05-21,141,MG,,
D03E,D03E6,SW,6,PIST,3207,5,PINK 01,16.76,2019-06-04,155,AS,0.43,
D03E,D03E6,SW,6,PIST,3207,5,PINK 01,17.33,2019-06-20,171,MG,0.57,
D03E,D03E6,SW,6,PIST,3207,5,PINK 01,17.85,2019-07-04,185,MG,,
D03E,D03E6,SW,6,PIST,3207,5,PINK 01,18.13,2019-07-18,199,MG,,
D03E,D03E6,SW,6,PIST,3207,5,PINK 01,18.19,2019-08-04,216,MG,,
D03E,D03E6,SW,6,QURU,3206,6,,31.72,2019-05-31,151,MG,,
D03E,D03E6,SW,6,QURU,3206,6,,31.7,2019-06-04,155,AS,-0.02,
D03E,D03E6,SW,6,QURU,3206,6,,31.1,2019-06-20,171,MG,-0.6,
D03E,D03E6,SW,6,QURU,3206,6,,31.22,2019-07-04,185,MG,,
D03E,D03E6,SW,6,QURU,3206,6,,31.79,2019-07-18,199,MG,,
D03E,D03E6,SW,6,QURU,3206,6,,31.56,2019-08-04,216,MG,,
D03E,D03E8,NW,8,PIRE,3211,7,,18.9,2019-05-31,151,MG,,
D03E,D03E8,NW,8,PIRE,3211,7,,18.88,2019-06-04,155,AS,-0.02,
D03E,D03E8,NW,8,PIRE,3211,7,,19.33,2019-06-20,171,MG,0.45,
D03E,D03E8,NW,8,PIRE,3211,7,,19.87,2019-07-04,185,MG,,
D03E,D03E8,NW,8,PIRE,3211,7,,20.14,2019-07-18,199,MG,,
D03E,D03E8,NW,8,PIRE,3211,7,,20.5,2019-08-04,216,MG,,
D03E,D03E8,NW,8,PIST,3212,8,PINK 01,72.4,2019-05-21,141,MG,,
D03E,D03E8,NW,8,PIST,3212,8,PINK 01,71.03,2019-06-04,155,AS,-1.37,
D03E,D03E8,NW,8,PIST,3212,8,PINK 01,72.02,2019-06-20,171,MG,0.99,
D03E,D03E8,NW,8,PIST,3212,8,PINK 01,72.15,2019-07-04,185,MG,,
D03E,D03E8,NW,8,PIST,3212,8,PINK 01,72.28,2019-07-18,199,MG,,
D03E,D03E8,NW,8,PIST,3212,8,PINK 01,73.07,2019-08-04,216,MG,,
D03W,D03W2,NE,2,ACRU,3189,1,PINK 01,54.64,2019-05-21,141,MG,,
D03W,D03W2,NE,2,ACRU,3189,1,PINK 01,54.8,2019-06-04,155,AS,0.16,
D03W,D03W2,NE,2,ACRU,3189,1,PINK 01,54.42,2019-06-20,171,MG,-0.38,
D03W,D03W2,NE,2,ACRU,3189,1,PINK 01,55.37,2019-07-04,185,MG,,
D03W,D03W2,NE,2,ACRU,3189,1,PINK 01,54.71,2019-07-18,199,MG,,
D03W,D03W2,NE,2,ACRU,3189,1,PINK 01,56.34,2019-08-04,216,MG,,
D03W,D03W2,NE,2,PIRE,517,2,,42.49,2019-05-21,141,MG,,
D03W,D03W2,NE,2,PIRE,517,2,,9.65,2019-06-04,155,AS,-32.84,
D03W,D03W2,NE,2,PIRE,517,2,,9.9,2019-06-20,171,MG,0.25,
D03W,D03W2,NE,2,PIRE,517,2,,10.99,2019-07-04,185,MG,,
D03W,D03W2,NE,2,PIRE,517,2,,12.2,2019-07-18,199,MG,,
D03W,D03W2,NE,2,PIRE,517,2,,12.06,2019-08-04,216,MG,,
D03W,D03W4,SE,4,QURU,525,3,,51.34,2019-05-21,141,MG,,
D03W,D03W4,SE,4,QURU,525,3,,51.96,2019-06-04,155,AS,0.62,
D03W,D03W4,SE,4,QURU,525,3,,51.61,2019-06-20,171,MG,-0.35,
D03W,D03W4,SE,4,QURU,525,3,,52.36,2019-07-04,185,MG,,
D03W,D03W4,SE,4,QURU,525,3,,52.42,2019-07-18,199,MG,,
D03W,D03W4,SE,4,QURU,525,3,,52.7,2019-08-04,216,MG,,
D03W,D03W4,SE,4,PIST,3191,4,PINK 01,28.17,2019-05-21,141,MG,,
D03W,D03W4,SE,4,PIST,3191,4,PINK 01,27.67,2019-06-04,155,AS,-0.5,
D03W,D03W4,SE,4,PIST,3191,4,PINK 01,28.1,2019-06-20,171,MG,0.43,
D03W,D03W4,SE,4,PIST,3191,4,PINK 01,27.97,2019-07-04,185,MG,,
D03W,D03W4,SE,4,PIST,3191,4,PINK 01,28.19,2019-07-18,199,MG,,
D03W,D03W4,SE,4,PIST,3191,4,PINK 01,28.03,2019-08-04,216,MG,,
D03W,D03W6,SW,6,PIST,3194,5,PINK 01,16.93,2019-05-21,141,MG,,
D03W,D03W6,SW,6,PIST,3194,5,PINK 01,17.12,2019-06-04,155,AS,0.19,
D03W,D03W6,SW,6,PIST,3194,5,PINK 01,18.21,2019-06-20,171,MG,1.09,
D03W,D03W6,SW,6,PIST,3194,5,PINK 01,18.41,2019-07-04,185,MG,,
D03W,D03W6,SW,6,PIST,3194,5,PINK 01,19.33,2019-07-18,199,MG,,
D03W,D03W6,SW,6,PIST,3194,5,PINK 01,18.95,2019-08-04,216,MG,,
D03W,D03W6,SW,6,PIST,3195,6,PINK 02,10.76,2019-05-21,141,MG,,
D03W,D03W6,SW,6,PIST,3195,6,PINK 02,11.57,2019-06-04,155,AS,0.81,
D03W,D03W6,SW,6,PIST,3195,6,PINK 02,11.91,2019-06-20,171,MG,0.34,
D03W,D03W6,SW,6,PIST,3195,6,PINK 02,12.14,2019-07-04,185,MG,,
D03W,D03W6,SW,6,PIST,3195,6,PINK 02,12.62,2019-07-18,199,MG,,
D03W,D03W6,SW,6,PIST,3195,6,PINK 02,12.45,2019-08-04,216,MG,,
D03W,D03W8,NW,8,PIST,580,7,,42.49,2019-05-21,141,MG,,
D03W,D03W8,NW,8,PIST,580,7,,42.54,2019-06-04,155,AS,0.05,
D03W,D03W8,NW,8,PIST,580,7,,43.56,2019-06-20,171,MG,1.02,
D03W,D03W8,NW,8,PIST,580,7,,44.04,2019-07-04,185,MG,,
D03W,D03W8,NW,8,PIST,580,7,,45.02,2019-07-18,199,MG,,
D03W,D03W8,NW,8,PIST,580,7,,45.38,2019-08-04,216,MG,,
D03W,D03W8,NW,8,PIST,3199,8,PINK 01,35.72,2019-05-21,141,MG,,
D03W,D03W8,NW,8,PIST,3199,8,PINK 01,34.44,2019-06-04,155,AS,-1.28,
D03W,D03W8,NW,8,PIST,3199,8,PINK 01,35.88,2019-06-20,171,MG,1.44,
D03W,D03W8,NW,8,PIST,3199,8,PINK 01,36.01,2019-07-04,185,MG,,
D03W,D03W8,NW,8,PIST,3199,8,PINK 01,36.93,2019-07-18,199,MG,,
D03W,D03W8,NW,8,PIST,3199,8,PINK 01,37.45,2019-08-04,216,MG,,
D04E,D04E2,NE,2,PIST,160,1,,16.78,2019-05-21,141,MG,,
D04E,D04E2,NE,2,PIST,160,1,,16.93,2019-06-04,155,AS,0.15,
D04E,D04E2,NE,2,PIST,160,1,,17.48,2019-06-20,171,MG,0.55,
D04E,D04E2,NE,2,PIST,160,1,,17.45,2019-07-04,185,MG,,
D04E,D04E2,NE,2,PIST,160,1,,18.03,2019-07-18,199,MG,,
D04E,D04E2,NE,2,PIST,160,1,,18.58,2019-08-04,216,MG,,
D04E,D04E2,NE,2,PIST,161,2,,54.2,2019-05-21,141,MG,,
D04E,D04E2,NE,2,PIST,161,2,,53.45,2019-06-04,155,AS,-0.75,
D04E,D04E2,NE,2,PIST,161,2,,54.74,2019-06-20,171,MG,1.29,
D04E,D04E2,NE,2,PIST,161,2,,55.04,2019-07-04,185,MG,,
D04E,D04E2,NE,2,PIST,161,2,,55.5,2019-07-18,199,MG,,
D04E,D04E2,NE,2,PIST,161,2,,56.61,2019-08-04,216,MG,,
D04E,D04E4,SE,4,PIST,3303,3,PINK 01,14.91,2019-05-21,141,MG,,
D04E,D04E4,SE,4,PIST,3303,3,PINK 01,14.7,2019-06-04,155,AS,-0.21,
D04E,D04E4,SE,4,PIST,3303,3,PINK 01,16.47,2019-06-20,171,MG,1.77,
D04E,D04E4,SE,4,PIST,3303,3,PINK 01,17.53,2019-07-04,185,MG,,
D04E,D04E4,SE,4,PIST,3303,3,PINK 01,18.16,2019-07-18,199,MG,,
D04E,D04E4,SE,4,PIST,3303,3,PINK 01,18.42,2019-08-04,216,MG,,
D04E,D04E4,SE,4,FAGR,3304,4,PINK 02,16.1,2019-05-21,141,MG,,
D04E,D04E4,SE,4,FAGR,3304,4,PINK 02,16.68,2019-06-04,155,AS,0.58,
D04E,D04E4,SE,4,FAGR,3304,4,PINK 02,16.25,2019-06-20,171,MG,-0.43,
D04E,D04E4,SE,4,FAGR,3304,4,PINK 02,17.2,2019-07-04,185,MG,,
D04E,D04E4,SE,4,FAGR,3304,4,PINK 02,17.32,2019-07-18,199,MG,,
D04E,D04E4,SE,4,FAGR,3304,4,PINK 02,17.5,2019-08-04,216,MG,,
D04E,D04E6,SW,6,PIST,3308,5,,33.42,2019-05-31,151,MG,,
D04E,D04E6,SW,6,PIST,3308,5,,33,2019-06-04,155,AS,-0.42,
D04E,D04E6,SW,6,PIST,3308,5,,34.09,2019-06-20,171,MG,1.09,
D04E,D04E6,SW,6,PIST,3308,5,,34.39,2019-07-04,185,MG,,
D04E,D04E6,SW,6,PIST,3308,5,,35.14,2019-07-18,199,MG,,
D04E,D04E6,SW,6,PIST,3308,5,,35.3,2019-08-04,216,MG,,
D04E,D04E6,SW,6,PIRE,3307,6,,33.92,2019-05-31,151,MG,,
D04E,D04E6,SW,6,PIRE,3307,6,,34.08,2019-06-04,155,AS,0.16,
D04E,D04E6,SW,6,PIRE,3307,6,,34.85,2019-06-20,171,MG,0.77,
D04E,D04E6,SW,6,PIRE,3307,6,,36.06,2019-07-04,185,MG,,
D04E,D04E6,SW,6,PIRE,3307,6,,36.77,2019-07-18,199,MG,,
D04E,D04E6,SW,6,PIRE,3307,6,,36.78,2019-08-04,216,MG,,
D04E,D04E8,NW,8,PIST,3309,7,PINK 01,23.94,2019-05-21,141,MG,,
D04E,D04E8,NW,8,PIST,3309,7,PINK 01,24.25,2019-06-04,155,AS,0.31,
D04E,D04E8,NW,8,PIST,3309,7,PINK 01,24.82,2019-06-20,171,MG,0.57,
D04E,D04E8,NW,8,PIST,3309,7,PINK 01,25.69,2019-07-04,185,MG,,
D04E,D04E8,NW,8,PIST,3309,7,PINK 01,25.44,2019-07-18,199,MG,,
D04E,D04E8,NW,8,PIST,3309,7,PINK 01,25.46,2019-08-04,216,MG,,
D04E,D04E8,NW,8,PIST,3311,8,PINK 02,43.47,2019-05-21,141,MG,,
D04E,D04E8,NW,8,PIST,3311,8,PINK 02,42.24,2019-06-04,155,AS,-1.23,
D04E,D04E8,NW,8,PIST,3311,8,PINK 02,43.36,2019-06-20,171,MG,1.12,
D04E,D04E8,NW,8,PIST,3311,8,PINK 02,43.91,2019-07-04,185,MG,,
D04E,D04E8,NW,8,PIST,3311,8,PINK 02,44.02,2019-07-18,199,MG,,
D04E,D04E8,NW,8,PIST,3311,8,PINK 02,44.32,2019-08-04,216,MG,,
D04W,D04W2,NE,2,PIRE,19,1,PINK 01,12.68,2019-05-21,141,MG,,
D04W,D04W2,NE,2,PIRE,19,1,PINK 01,12.27,2019-06-04,155,AS,-0.41,
D04W,D04W2,NE,2,PIRE,19,1,PINK 01,13.22,2019-06-20,171,MG,0.95,
D04W,D04W2,NE,2,PIRE,19,1,PINK 01,13.72,2019-07-04,185,MG,,
D04W,D04W2,NE,2,PIRE,19,1,PINK 01,13.87,2019-07-18,199,MG,,
D04W,D04W2,NE,2,PIRE,19,1,PINK 01,14.39,2019-08-04,216,MG,,
D04W,D04W2,NE,2,PIST,15,2,,41.55,2019-05-21,141,MG,,
D04W,D04W2,NE,2,PIST,15,2,,41.67,2019-06-04,155,AS,0.12,
D04W,D04W2,NE,2,PIST,15,2,,42.78,2019-06-20,171,MG,1.11,
D04W,D04W2,NE,2,PIST,15,2,,42.96,2019-07-04,185,MG,,
D04W,D04W2,NE,2,PIST,15,2,,43.12,2019-07-18,199,MG,,
D04W,D04W2,NE,2,PIST,15,2,,42.86,2019-08-04,216,MG,,
D04W,D04W4,SE,4,PIST,80,3,PINK 01,63.8,2019-05-21,141,MG,,
D04W,D04W4,SE,4,PIST,80,3,PINK 01,64.84,2019-06-04,155,AS,1.04,
D04W,D04W4,SE,4,PIST,80,3,PINK 01,67.75,2019-06-20,171,MG,2.91,
D04W,D04W4,SE,4,PIST,80,3,PINK 01,66.67,2019-07-04,185,MG,,
D04W,D04W4,SE,4,PIST,80,3,PINK 01,67.7,2019-07-18,199,MG,,
D04W,D04W4,SE,4,PIST,80,3,PINK 01,67.93,2019-08-04,216,MG,,
D04W,D04W4,SE,4,PIST,3298,4,PINK 02,10.39,2019-05-21,141,MG,,
D04W,D04W4,SE,4,PIST,3298,4,PINK 02,10.35,2019-06-04,155,AS,-0.04,
D04W,D04W4,SE,4,PIST,3298,4,PINK 02,11.15,2019-06-20,171,MG,0.8,
D04W,D04W4,SE,4,PIST,3298,4,PINK 02,11.77,2019-07-04,185,MG,,
D04W,D04W4,SE,4,PIST,3298,4,PINK 02,12.4,2019-07-18,199,MG,,
D04W,D04W4,SE,4,PIST,3298,4,PINK 02,12.61,2019-08-04,216,MG,,
D04W,D04W6,SW,6,PIST,99,5,,33.24,2019-05-21,141,MG,,
D04W,D04W6,SW,6,PIST,99,5,,33.72,2019-06-04,155,AS,0.48,
D04W,D04W6,SW,6,PIST,99,5,,34.94,2019-06-20,171,MG,1.22,
D04W,D04W6,SW,6,PIST,99,5,,36.74,2019-07-04,185,MG,,
D04W,D04W6,SW,6,PIST,99,5,,37.3,2019-07-18,199,MG,,
D04W,D04W6,SW,6,PIST,99,5,,38.1,2019-08-04,216,MG,,
D04W,D04W6,SW,6,PIST,101,6,,31.51,2019-05-21,141,MG,,
D04W,D04W6,SW,6,PIST,101,6,,33.16,2019-06-04,155,AS,1.65,
D04W,D04W6,SW,6,PIST,101,6,,34.34,2019-06-20,171,MG,1.18,
D04W,D04W6,SW,6,PIST,101,6,,36.2,2019-07-04,185,MG,,
D04W,D04W6,SW,6,PIST,101,6,,37.13,2019-07-18,199,MG,,
D04W,D04W6,SW,6,PIST,101,6,,37.44,2019-08-04,216,MG,,
D04W,D04W8,NW,8,PIST,3300,7,,10.6,2019-05-31,151,MG,,
D04W,D04W8,NW,8,PIST,3300,7,,10.57,2019-06-04,155,AS,-0.03,
D04W,D04W8,NW,8,PIST,3300,7,,11.07,2019-06-20,171,MG,0.5,
D04W,D04W8,NW,8,PIST,3300,7,,11.55,2019-07-04,185,MG,,
D04W,D04W8,NW,8,PIST,3300,7,,11.69,2019-07-18,199,MG,,
D04W,D04W8,NW,8,PIST,3300,7,,11.95,2019-08-04,216,MG,,
D04W,D04W8,NW,8,PIST,123,8,,15.03,2019-05-31,151,MG,,
D04W,D04W8,NW,8,PIST,123,8,,15.12,2019-06-04,155,AS,0.09,
D04W,D04W8,NW,8,PIST,123,8,,16.52,2019-06-20,171,MG,1.4,
D04W,D04W8,NW,8,PIST,123,8,,17.41,2019-07-04,185,MG,,
D04W,D04W8,NW,8,PIST,123,8,,18.09,2019-07-18,199,MG,,
D04W,D04W8,NW,8,PIST,123,8,,18.37,2019-08-04,216,MG,,
